city,ssp,period,adapt,range,an_clim,an_demo,an_full
RO001C,1,2050,0%,cold,-311.904497610893,3609.58127656395,3297.67677895305
RO001C,1,2050,0%,heat,461.953505822067,451.663130097497,913.616635919564
RO001C,1,2050,0%,tot,150.049008211174,4061.24440666144,4211.29341487262
RO001C,1,2050,10%,cold,-311.904497610893,3609.58127656395,3297.67677895305
RO001C,1,2050,10%,heat,431.284838302066,416.406972776057,847.691811078124
RO001C,1,2050,10%,tot,119.380340691173,4025.98824934,4145.36859003118
RO001C,1,2050,50%,cold,-311.904497610893,3609.58127656395,3297.67677895305
RO001C,1,2050,50%,heat,284.455801139131,258.255458352525,542.711259491655
RO001C,1,2050,50%,tot,-27.4486964717621,3867.83673491647,3840.38803844471
RO001C,1,2050,90%,cold,-311.904497610893,3609.58127656395,3297.67677895305
RO001C,1,2050,90%,heat,72.5738198310119,59.92388929065,132.497709121662
RO001C,1,2050,90%,tot,-239.330677779881,3669.5051658546,3430.17448807472
RO001C,2,2050,0%,cold,-371.344351746795,3482.04180985013,3110.69745810333
RO001C,2,2050,0%,heat,509.598160485328,447.705186596053,957.303347081382
RO001C,2,2050,0%,tot,138.253808738533,3929.74699644618,4068.00080518471
RO001C,2,2050,10%,cold,-371.344351746795,3482.04180985013,3110.69745810333
RO001C,2,2050,10%,heat,475.025005036336,412.898664861041,887.923669897377
RO001C,2,2050,10%,tot,103.680653289541,3894.94047471117,3998.62112800071
RO001C,2,2050,50%,cold,-371.344351746795,3482.04180985013,3110.69745810333
RO001C,2,2050,50%,heat,310.570819060671,256.446104036398,567.016923097069
RO001C,2,2050,50%,tot,-60.7735326861239,3738.48791388652,3677.7143812004
RO001C,2,2050,90%,cold,-371.344351746795,3482.04180985013,3110.69745810333
RO001C,2,2050,90%,heat,77.9586447260575,59.5481409548123,137.50678568087
RO001C,2,2050,90%,tot,-293.385707020737,3541.58995080494,3248.2042437842
RO001C,3,2050,0%,cold,-413.329388919788,3370.00672487402,2956.67733595423
RO001C,3,2050,0%,heat,636.932505431231,439.030469891187,1075.96297532242
RO001C,3,2050,0%,tot,223.603116511443,3809.03719476521,4032.64031127665
RO001C,3,2050,10%,cold,-413.329388919788,3370.00672487402,2956.67733595423
RO001C,3,2050,10%,heat,594.732314659772,404.782516984163,999.514831643935
RO001C,3,2050,10%,tot,181.402925739984,3774.78924185818,3956.19216759817
RO001C,3,2050,50%,cold,-413.329388919788,3370.00672487402,2956.67733595423
RO001C,3,2050,50%,heat,392.76871414949,251.013102973399,643.78181712289
RO001C,3,2050,50%,tot,-20.5606747702978,3621.01982784742,3600.45915307712
RO001C,3,2050,90%,cold,-413.329388919788,3370.00672487402,2956.67733595423
RO001C,3,2050,90%,heat,100.681814783529,58.0007101629215,158.682524946451
RO001C,3,2050,90%,tot,-312.647574136259,3428.00743503694,3115.35986090068
RO002C,1,2050,0%,cold,-39.8085456937852,447.685476163452,407.876930469667
RO002C,1,2050,0%,heat,46.988593458121,63.0741044457114,110.062697903832
RO002C,1,2050,0%,tot,7.18004776433577,510.759580609164,517.9396283735
RO002C,1,2050,10%,cold,-39.8085456937852,447.685476163452,407.876930469667
RO002C,1,2050,10%,heat,43.2748313953127,57.5616536742258,100.836485069539
RO002C,1,2050,10%,tot,3.46628570152754,505.247129837678,508.713415539206
RO002C,1,2050,50%,cold,-39.8085456937852,447.685476163452,407.876930469667
RO002C,1,2050,50%,heat,26.5917438957303,33.9375658488324,60.5293097445626
RO002C,1,2050,50%,tot,-13.2168017980549,481.623042012285,468.40624021423
RO002C,1,2050,90%,cold,-39.8085456937852,447.685476163452,407.876930469667
RO002C,1,2050,90%,heat,5.99519708021835,7.25952103448084,13.2547181146992
RO002C,1,2050,90%,tot,-33.8133486135669,454.944997197933,421.131648584366
RO002C,2,2050,0%,cold,-49.6323902270269,438.620161905945,388.987771678919
RO002C,2,2050,0%,heat,49.1606507070721,62.5913761137177,111.75202682079
RO002C,2,2050,0%,tot,-0.471739519954791,501.211538019663,500.739798499709
RO002C,2,2050,10%,cold,-49.6323902270269,438.620161905945,388.987771678919
RO002C,2,2050,10%,heat,45.1692177745316,57.0989238180005,102.268141592532
RO002C,2,2050,10%,tot,-4.46317245249526,495.719085723946,491.255913271451
RO002C,2,2050,50%,cold,-49.6323902270269,438.620161905945,388.987771678919
RO002C,2,2050,50%,heat,27.4504648115827,33.6019654809659,61.0524302925486
RO002C,2,2050,50%,tot,-22.1819254154442,472.222127386911,450.040201971467
RO002C,2,2050,90%,cold,-49.6323902270269,438.620161905945,388.987771678919
RO002C,2,2050,90%,heat,6.09471606412012,7.16832371662537,13.2630397807455
RO002C,2,2050,90%,tot,-43.5376741629067,445.788485622571,402.250811459664
RO002C,3,2050,0%,cold,-57.1902934925427,431.027281878236,373.836988385693
RO002C,3,2050,0%,heat,65.9690446829281,62.7073483588212,128.676393041749
RO002C,3,2050,0%,tot,8.77875119038534,493.734630237057,502.513381427442
RO002C,3,2050,10%,cold,-57.1902934925427,431.027281878236,373.836988385693
RO002C,3,2050,10%,heat,60.6927722226468,57.2160410973232,117.90881331997
RO002C,3,2050,10%,tot,3.50247873010406,488.243322975559,491.745801705663
RO002C,3,2050,50%,cold,-57.1902934925427,431.027281878236,373.836988385693
RO002C,3,2050,50%,heat,37.1276809940294,33.7046565981222,70.8323375921515
RO002C,3,2050,50%,tot,-20.0626124985134,464.731938476358,444.669325977845
RO002C,3,2050,90%,cold,-57.1902934925427,431.027281878236,373.836988385693
RO002C,3,2050,90%,heat,8.32758303541597,7.20174538001418,15.5293284154302
RO002C,3,2050,90%,tot,-48.8627104571268,438.22902725825,389.366316801123
RO003C,1,2050,0%,cold,-38.7142798970763,444.559733836015,405.845453938939
RO003C,1,2050,0%,heat,47.937859955157,61.3777733509479,109.315633306105
RO003C,1,2050,0%,tot,9.22358005808068,505.937507186963,515.161087245044
RO003C,1,2050,10%,cold,-38.7142798970763,444.559733836015,405.845453938939
RO003C,1,2050,10%,heat,44.3960791132126,56.2016203907726,100.597699503985
RO003C,1,2050,10%,tot,5.68179921613631,500.761354226788,506.443153442924
RO003C,1,2050,50%,cold,-38.7142798970763,444.559733836015,405.845453938939
RO003C,1,2050,50%,heat,28.052232227516,33.6690737393073,61.7213059668232
RO003C,1,2050,50%,tot,-10.6620476695603,478.228807575322,467.566759905762
RO003C,1,2050,90%,cold,-38.7142798970763,444.559733836015,405.845453938939
RO003C,1,2050,90%,heat,6.60495235251782,7.36584335406437,13.9707957065822
RO003C,1,2050,90%,tot,-32.1093275445585,451.925577190079,419.816249645521
RO003C,2,2050,0%,cold,-49.0747832921202,442.42363683243,393.34885354031
RO003C,2,2050,0%,heat,51.2709691324347,61.9853176967838,113.256286829219
RO003C,2,2050,0%,tot,2.19618584031445,504.408954529214,506.605140369528
RO003C,2,2050,10%,cold,-49.0747832921202,442.42363683243,393.34885354031
RO003C,2,2050,10%,heat,47.3159568683641,56.7357909078182,104.051747776182
RO003C,2,2050,10%,tot,-1.75882642375619,499.159427740248,497.400601316492
RO003C,2,2050,50%,cold,-49.0747832921202,442.42363683243,393.34885354031
RO003C,2,2050,50%,heat,29.3683599405536,33.918540688272,63.2869006288256
RO003C,2,2050,50%,tot,-19.7064233515666,476.342177520702,456.635754169136
RO003C,2,2050,90%,cold,-49.0747832921202,442.42363683243,393.34885354031
RO003C,2,2050,90%,heat,6.71557250685854,7.39333559358963,14.1089081004482
RO003C,2,2050,90%,tot,-42.3592107852617,449.81697242602,407.457761640758
RO003C,3,2050,0%,cold,-57.6399814673161,443.180655956284,385.540674488968
RO003C,3,2050,0%,heat,67.8120449632277,63.4176576652258,131.229702628454
RO003C,3,2050,0%,tot,10.1720634959116,506.59831362151,516.770377117422
RO003C,3,2050,10%,cold,-57.6399814673161,443.180655956284,385.540674488968
RO003C,3,2050,10%,heat,62.6820429601862,58.0479098352965,120.729952795483
RO003C,3,2050,10%,tot,5.04206149287007,501.228565791581,506.270627284451
RO003C,3,2050,50%,cold,-57.6399814673161,443.180655956284,385.540674488968
RO003C,3,2050,50%,heat,39.2335740618616,34.7121454616229,73.9457195234845
RO003C,3,2050,50%,tot,-18.4064074054545,477.892801417907,459.486394012453
RO003C,3,2050,90%,cold,-57.6399814673161,443.180655956284,385.540674488968
RO003C,3,2050,90%,heat,9.09997630432939,7.57445668055848,16.6744329848879
RO003C,3,2050,90%,tot,-48.5400051629867,450.755112636843,402.215107473856
RO004C,1,2050,0%,cold,-52.5912212832873,629.481788855344,576.890567572057
RO004C,1,2050,0%,heat,52.1921546625224,72.3079801503998,124.500134812922
RO004C,1,2050,0%,tot,-0.399066620764879,701.789769005744,701.390702384979
RO004C,1,2050,10%,cold,-52.5912212832873,629.481788855344,576.890567572057
RO004C,1,2050,10%,heat,48.0138621701575,65.9777779171949,113.991640087352
RO004C,1,2050,10%,tot,-4.57735911312974,695.459566772539,690.882207659409
RO004C,1,2050,50%,cold,-52.5912212832873,629.481788855344,576.890567572057
RO004C,1,2050,50%,heat,29.3395474522199,38.8670997390929,68.2066471913128
RO004C,1,2050,50%,tot,-23.2516738310674,668.348888594437,645.09721476337
RO004C,1,2050,90%,cold,-52.5912212832873,629.481788855344,576.890567572057
RO004C,1,2050,90%,heat,6.55737206235714,8.30284535808298,14.8602174204401
RO004C,1,2050,90%,tot,-46.0338492209301,637.784634213428,591.750784992497
RO004C,2,2050,0%,cold,-65.4153956795064,624.111974552069,558.696578872562
RO004C,2,2050,0%,heat,58.9902903102975,72.7192602093535,131.709550519651
RO004C,2,2050,0%,tot,-6.42510536920902,696.831234761422,690.406129392213
RO004C,2,2050,10%,cold,-65.4153956795064,624.111974552069,558.696578872562
RO004C,2,2050,10%,heat,54.1679573708808,66.364755900564,120.532713271445
RO004C,2,2050,10%,tot,-11.2474383086256,690.476730452633,679.229292144007
RO004C,2,2050,50%,cold,-65.4153956795064,624.111974552069,558.696578872562
RO004C,2,2050,50%,heat,32.8202081969299,39.1286404020945,71.9488485990244
RO004C,2,2050,50%,tot,-32.5951874825765,663.240614954163,630.645427471586
RO004C,2,2050,90%,cold,-65.4153956795064,624.111974552069,558.696578872562
RO004C,2,2050,90%,heat,7.25408954616097,8.3690177785521,15.6231073247131
RO004C,2,2050,90%,tot,-58.1613061333455,632.480992330621,574.319686197275
RO004C,3,2050,0%,cold,-75.4894197305687,621.373185226271,545.883765495703
RO004C,3,2050,0%,heat,75.2437262234188,73.6106672174863,148.854393440905
RO004C,3,2050,0%,tot,-0.245693507149926,694.983852443758,694.738158936608
RO004C,3,2050,10%,cold,-75.4894197305687,621.373185226271,545.883765495703
RO004C,3,2050,10%,heat,69.1405943480244,67.1500584183199,136.290652766344
RO004C,3,2050,10%,tot,-6.34882538254434,688.523243644591,682.174418262047
RO004C,3,2050,50%,cold,-75.4894197305687,621.373185226271,545.883765495703
RO004C,3,2050,50%,heat,42.0344823168834,39.5116227043438,81.5461050212273
RO004C,3,2050,50%,tot,-33.4549374136854,660.884807930615,627.42987051693
RO004C,3,2050,90%,cold,-75.4894197305687,621.373185226271,545.883765495703
RO004C,3,2050,90%,heat,9.33762818699118,8.42660088091945,17.7642290679106
RO004C,3,2050,90%,tot,-66.1517915435775,629.799786107191,563.647994563613
RO005C,1,2050,0%,cold,-50.4456069999123,514.264035870368,463.818428870456
RO005C,1,2050,0%,heat,45.6686528353796,45.0655059721411,90.7341588075206
RO005C,1,2050,0%,tot,-4.77695416453279,559.329541842509,554.552587677977
RO005C,1,2050,10%,cold,-50.4456069999123,514.264035870368,463.818428870456
RO005C,1,2050,10%,heat,42.123919852298,41.1588180481635,83.2827379004615
RO005C,1,2050,10%,tot,-8.32168714761433,555.422853918532,547.101166770918
RO005C,1,2050,50%,cold,-50.4456069999123,514.264035870368,463.818428870456
RO005C,1,2050,50%,heat,26.097516707551,24.366540145969,50.4640568535199
RO005C,1,2050,50%,tot,-24.3480902923614,538.630576016337,514.282485723976
RO005C,1,2050,90%,cold,-50.4456069999123,514.264035870368,463.818428870456
RO005C,1,2050,90%,heat,5.9671123273533,5.24704477821357,11.2141571055669
RO005C,1,2050,90%,tot,-44.478494672559,519.511080648582,475.032585976023
RO005C,2,2050,0%,cold,-58.8617198184669,505.307452617197,446.44573279873
RO005C,2,2050,0%,heat,47.700634453772,44.5640068740063,92.2646413277783
RO005C,2,2050,0%,tot,-11.1610853646949,549.871459491203,538.710374126508
RO005C,2,2050,10%,cold,-58.8617198184669,505.307452617197,446.44573279873
RO005C,2,2050,10%,heat,43.9022956346711,40.6773313931957,84.5796270278668
RO005C,2,2050,10%,tot,-14.9594241837958,545.984784010393,531.025359826597
RO005C,2,2050,50%,cold,-58.8617198184669,505.307452617197,446.44573279873
RO005C,2,2050,50%,heat,26.9041768999629,24.0145554400044,50.9187323399673
RO005C,2,2050,50%,tot,-31.957542918504,529.322008057201,497.364465138697
RO005C,2,2050,90%,cold,-58.8617198184669,505.307452617197,446.44573279873
RO005C,2,2050,90%,heat,6.04809382609615,5.1508083789726,11.1989022050688
RO005C,2,2050,90%,tot,-52.8136259923708,510.458260996169,457.644635003799
RO005C,3,2050,0%,cold,-69.129836022573,499.041673743753,429.91183772118
RO005C,3,2050,0%,heat,66.742156666676,44.4773432896871,111.219499956363
RO005C,3,2050,0%,tot,-2.38767935589701,543.51901703344,541.131337677543
RO005C,3,2050,10%,cold,-69.129836022573,499.041673743753,429.91183772118
RO005C,3,2050,10%,heat,61.5277448443356,40.5881601338568,102.115904978192
RO005C,3,2050,10%,tot,-7.60209117823739,539.62983387761,532.027742699373
RO005C,3,2050,50%,cold,-69.129836022573,499.041673743753,429.91183772118
RO005C,3,2050,50%,heat,38.0091924154362,23.9389789441114,61.9481713595476
RO005C,3,2050,50%,tot,-31.1206436071368,522.980652687864,491.860009080728
RO005C,3,2050,90%,cold,-69.129836022573,499.041673743753,429.91183772118
RO005C,3,2050,90%,heat,8.65041496513534,5.13056450770001,13.7809794728353
RO005C,3,2050,90%,tot,-60.4794210574377,504.172238251453,443.692817194015
RO006C,1,2050,0%,cold,-29.8666841542097,341.701114283732,311.834430129522
RO006C,1,2050,0%,heat,32.3907512740309,41.4367614280201,73.827512702051
RO006C,1,2050,0%,tot,2.52406711982122,383.137875711752,385.661942831573
RO006C,1,2050,10%,cold,-29.8666841542097,341.701114283732,311.834430129522
RO006C,1,2050,10%,heat,29.8661312122489,37.8536387323103,67.7197699445592
RO006C,1,2050,10%,tot,-0.000552941960835309,379.554753016042,379.554200074081
RO006C,1,2050,50%,cold,-29.8666841542097,341.701114283732,311.834430129522
RO006C,1,2050,50%,heat,18.4680984604454,22.4316023993284,40.8997008597738
RO006C,1,2050,50%,tot,-11.3985856937643,364.13271668306,352.734130989296
RO006C,1,2050,90%,cold,-29.8666841542097,341.701114283732,311.834430129522
RO006C,1,2050,90%,heat,4.21037464626415,4.83541892551889,9.04579357178305
RO006C,1,2050,90%,tot,-25.6563095079456,346.536533209251,320.880223701305
RO006C,2,2050,0%,cold,-38.2254511208039,341.544390624902,303.318939504098
RO006C,2,2050,0%,heat,33.6274625662467,41.907648456243,75.5351110224897
RO006C,2,2050,0%,tot,-4.59798855455723,383.452039081145,378.854050526588
RO006C,2,2050,10%,cold,-38.2254511208039,341.544390624902,303.318939504098
RO006C,2,2050,10%,heat,30.9130236381941,38.2627412602706,69.1757648984646
RO006C,2,2050,10%,tot,-7.31242748260985,379.807131885172,372.494704402563
RO006C,2,2050,50%,cold,-38.2254511208039,341.544390624902,303.318939504098
RO006C,2,2050,50%,heat,18.8369498535841,22.6096121292959,41.44656198288
RO006C,2,2050,50%,tot,-19.3885012672199,364.154002754198,344.765501486978
RO006C,2,2050,90%,cold,-38.2254511208039,341.544390624902,303.318939504098
RO006C,2,2050,90%,heat,4.20018115560114,4.85111247989864,9.05129363549978
RO006C,2,2050,90%,tot,-34.0252699652028,346.3955031048,312.370233139598
RO006C,3,2050,0%,cold,-45.1058540588848,343.59775173002,298.491897671136
RO006C,3,2050,0%,heat,46.0282930841916,43.1168580863817,89.1451511705733
RO006C,3,2050,0%,tot,0.922439025306826,386.714609816402,387.637048841709
RO006C,3,2050,10%,cold,-45.1058540588848,343.59775173002,298.491897671136
RO006C,3,2050,10%,heat,42.4049669858204,39.372215090599,81.7771820764194
RO006C,3,2050,10%,tot,-2.70088707306438,382.969966820619,380.269079747555
RO006C,3,2050,50%,cold,-45.1058540588848,343.59775173002,298.491897671136
RO006C,3,2050,50%,heat,26.1166528736153,23.285744313331,49.4023971869464
RO006C,3,2050,50%,tot,-18.9892011852694,366.883496043351,347.894294858082
RO006C,3,2050,90%,cold,-45.1058540588848,343.59775173002,298.491897671136
RO006C,3,2050,90%,heat,5.91583506845727,5.00729149753752,10.9231265659948
RO006C,3,2050,90%,tot,-39.1900189904275,348.605043227558,309.41502423713
RO007C,1,2050,0%,cold,-32.8590859093123,368.662518140904,335.803432231591
RO007C,1,2050,0%,heat,28.3850413252954,30.2913941574118,58.6764354827072
RO007C,1,2050,0%,tot,-4.47404458401691,398.953912298315,394.479867714298
RO007C,1,2050,10%,cold,-32.8590859093123,368.662518140904,335.803432231591
RO007C,1,2050,10%,heat,26.115656470251,27.6133416328739,53.728998103125
RO007C,1,2050,10%,tot,-6.74342943906132,396.275859773778,389.532430334716
RO007C,1,2050,50%,cold,-32.8590859093123,368.662518140904,335.803432231591
RO007C,1,2050,50%,heat,15.9820382216892,16.2044347339493,32.1864729556385
RO007C,1,2050,50%,tot,-16.8770476876231,384.866952874853,367.98990518723
RO007C,1,2050,90%,cold,-32.8590859093123,368.662518140904,335.803432231591
RO007C,1,2050,90%,heat,3.58803106087249,3.44875582274773,7.03678688362022
RO007C,1,2050,90%,tot,-29.2710548484398,372.111273963651,342.840219115211
RO007C,2,2050,0%,cold,-39.8472185485711,367.252823773622,327.405605225051
RO007C,2,2050,0%,heat,29.2312705076246,30.151448094114,59.3827186017387
RO007C,2,2050,0%,tot,-10.6159480409465,397.404271867736,386.788323826789
RO007C,2,2050,10%,cold,-39.8472185485711,367.252823773622,327.405605225051
RO007C,2,2050,10%,heat,26.8245678838871,27.4721550289037,54.2967229127908
RO007C,2,2050,10%,tot,-13.0226506646841,394.724978802526,381.702328137842
RO007C,2,2050,50%,cold,-39.8472185485711,367.252823773622,327.405605225051
RO007C,2,2050,50%,heat,16.2131798644334,16.0844237159309,32.2976035803643
RO007C,2,2050,50%,tot,-23.6340386841378,383.337247489553,359.703208805415
RO007C,2,2050,90%,cold,-39.8472185485711,367.252823773622,327.405605225051
RO007C,2,2050,90%,heat,3.57694373619198,3.41249792187488,6.98944165806686
RO007C,2,2050,90%,tot,-36.2702748123791,370.665321695497,334.395046883118
RO007C,3,2050,0%,cold,-47.5028908169797,368.740202043134,321.237311226154
RO007C,3,2050,0%,heat,43.2462594777951,31.0364951541105,74.2827546319056
RO007C,3,2050,0%,tot,-4.25663133918466,399.776697197244,395.52006585806
RO007C,3,2050,10%,cold,-47.5028908169797,368.740202043134,321.237311226154
RO007C,3,2050,10%,heat,39.7665507150064,28.2805968607253,68.0471475757317
RO007C,3,2050,10%,tot,-7.7363401019734,397.020798903859,389.284458801886
RO007C,3,2050,50%,cold,-47.5028908169797,368.740202043134,321.237311226154
RO007C,3,2050,50%,heat,24.2772967259104,16.5640892616665,40.8413859875768
RO007C,3,2050,50%,tot,-23.2255940910694,385.3042913048,362.078697213731
RO007C,3,2050,90%,cold,-47.5028908169797,368.740202043134,321.237311226154
RO007C,3,2050,90%,heat,5.43645613135508,3.51633093200554,8.95278706336062
RO007C,3,2050,90%,tot,-42.0664346856247,372.256532975139,330.190098289514
RO008C,1,2050,0%,cold,-26.3532798521258,303.263995686253,276.910715834127
RO008C,1,2050,0%,heat,31.6318532265272,40.2511758603033,71.8830290868305
RO008C,1,2050,0%,tot,5.27857337440136,343.515171546556,348.793744920957
RO008C,1,2050,10%,cold,-26.3532798521258,303.263995686253,276.910715834127
RO008C,1,2050,10%,heat,29.2260000188259,36.8104379765357,66.0364379953616
RO008C,1,2050,10%,tot,2.87272016670008,340.074433662788,342.947153829489
RO008C,1,2050,50%,cold,-26.3532798521258,303.263995686253,276.910715834127
RO008C,1,2050,50%,heat,18.2534539954807,21.9231076032705,40.1765615987512
RO008C,1,2050,50%,tot,-8.09982585664507,325.187103289523,317.087277432878
RO008C,1,2050,90%,cold,-26.3532798521258,303.263995686253,276.910715834127
RO008C,1,2050,90%,heat,4.22176566157602,4.75795471855855,8.97972038013458
RO008C,1,2050,90%,tot,-22.1315141905498,308.021950404811,285.890436214262
RO008C,2,2050,0%,cold,-33.3840119850083,301.659989135146,268.275977150138
RO008C,2,2050,0%,heat,33.4481850529117,40.5547152402148,74.0029002931266
RO008C,2,2050,0%,tot,0.064173067903411,342.214704375361,342.278877443264
RO008C,2,2050,10%,cold,-33.3840119850083,301.659989135146,268.275977150138
RO008C,2,2050,10%,heat,30.8023343116657,37.0690567060663,67.871391017732
RO008C,2,2050,10%,tot,-2.5816776733426,338.729045841212,336.14736816787
RO008C,2,2050,50%,cold,-33.3840119850083,301.659989135146,268.275977150138
RO008C,2,2050,50%,heat,18.9239892243612,22.0185554827096,40.9425447070707
RO008C,2,2050,50%,tot,-14.4600227606471,323.678544617856,309.218521857209
RO008C,2,2050,90%,cold,-33.3840119850083,301.659989135146,268.275977150138
RO008C,2,2050,90%,heat,4.26532883384681,4.75724974631771,9.02257858016453
RO008C,2,2050,90%,tot,-29.1186831511615,306.417238881464,277.298555730302
RO008C,3,2050,0%,cold,-39.2443085514145,301.711870848343,262.467562296929
RO008C,3,2050,0%,heat,44.3424175274251,41.4098690588103,85.7522865862354
RO008C,3,2050,0%,tot,5.09810897601064,343.121739907154,348.219848883164
RO008C,3,2050,10%,cold,-39.2443085514145,301.711870848343,262.467562296929
RO008C,3,2050,10%,heat,40.9022018943389,37.8524726294627,78.7546745238017
RO008C,3,2050,10%,tot,1.65789334292446,339.564343477806,341.222236820731
RO008C,3,2050,50%,cold,-39.2443085514145,301.711870848343,262.467562296929
RO008C,3,2050,50%,heat,25.3413961381817,22.4931038159216,47.8344999541033
RO008C,3,2050,50%,tot,-13.9029124132328,324.204974664265,310.302062251032
RO008C,3,2050,90%,cold,-39.2443085514145,301.711870848343,262.467562296929
RO008C,3,2050,90%,heat,5.78952076448606,4.86629952014353,10.6558202846296
RO008C,3,2050,90%,tot,-33.4547877869284,306.578170368487,273.123382581559
RO009C,1,2050,0%,cold,-19.3317744611782,205.407797188961,186.076022727783
RO009C,1,2050,0%,heat,24.0401314575745,25.0812268046298,49.1213582622043
RO009C,1,2050,0%,tot,4.70835699639632,230.489023993591,235.197380989987
RO009C,1,2050,10%,cold,-19.3317744611782,205.407797188961,186.076022727783
RO009C,1,2050,10%,heat,22.2061247333032,22.9168375253539,45.1229622586571
RO009C,1,2050,10%,tot,2.87435027212498,228.324634714315,231.19898498644
RO009C,1,2050,50%,cold,-19.3317744611782,205.407797188961,186.076022727783
RO009C,1,2050,50%,heat,13.862562788121,13.5952964481088,27.4578592362298
RO009C,1,2050,50%,tot,-5.46921167305718,219.00309363707,213.533881964013
RO009C,1,2050,90%,cold,-19.3317744611782,205.407797188961,186.076022727783
RO009C,1,2050,90%,heat,3.21189739202393,2.93643036876258,6.1483277607865
RO009C,1,2050,90%,tot,-16.1198770691543,208.344227557724,192.224350488569
RO009C,2,2050,0%,cold,-24.118091785126,203.261157510331,179.143065725206
RO009C,2,2050,0%,heat,24.6843938548645,24.98221781319,49.6666116680545
RO009C,2,2050,0%,tot,0.566302069738526,228.243375323522,228.80967739326
RO009C,2,2050,10%,cold,-24.118091785126,203.261157510331,179.143065725206
RO009C,2,2050,10%,heat,22.7209281421923,22.8143571117329,45.5352852539252
RO009C,2,2050,10%,tot,-1.39716364293367,226.075514622064,224.678350979131
RO009C,2,2050,50%,cold,-24.118091785126,203.261157510331,179.143065725206
RO009C,2,2050,50%,heat,13.9384959185526,13.5006356551997,27.4391315737523
RO009C,2,2050,50%,tot,-10.1795958665734,216.761793165531,206.582197298958
RO009C,2,2050,90%,cold,-24.118091785126,203.261157510331,179.143065725206
RO009C,2,2050,90%,heat,3.14310080383958,2.90559764014357,6.04869844398315
RO009C,2,2050,90%,tot,-20.9749909812864,206.166755150475,185.191764169189
RO009C,3,2050,0%,cold,-27.9763600283613,202.230809181033,174.254449152672
RO009C,3,2050,0%,heat,33.0928572347693,25.5701467087194,58.6630039434886
RO009C,3,2050,0%,tot,5.11649720640793,227.800955889752,232.91745309616
RO009C,3,2050,10%,cold,-27.9763600283613,202.230809181033,174.254449152672
RO009C,3,2050,10%,heat,30.5166965648768,23.3543901076407,53.8710866725176
RO009C,3,2050,10%,tot,2.54033653651547,225.585199288674,228.125535825189
RO009C,3,2050,50%,cold,-27.9763600283613,202.230809181033,174.254449152672
RO009C,3,2050,50%,heat,18.9033440017211,13.8305592672074,32.7339032689285
RO009C,3,2050,50%,tot,-9.07301602664023,216.06136844824,206.9883524216
RO009C,3,2050,90%,cold,-27.9763600283613,202.230809181033,174.254449152672
RO009C,3,2050,90%,heat,4.33423452289238,2.98065243695582,7.3148869598482
RO009C,3,2050,90%,tot,-23.642125505469,205.211461617989,181.56933611252
RO010C,1,2050,0%,cold,-22.5159173562833,248.739024803003,226.223107446719
RO010C,1,2050,0%,heat,22.256430609248,25.5854209169865,47.8418515262345
RO010C,1,2050,0%,tot,-0.259486747035351,274.324445719989,274.064958972954
RO010C,1,2050,10%,cold,-22.5159173562833,248.739024803003,226.223107446719
RO010C,1,2050,10%,heat,20.4886449605445,23.3329591853924,43.8216041459369
RO010C,1,2050,10%,tot,-2.02727239573885,272.071983988395,270.044711592656
RO010C,1,2050,50%,cold,-22.5159173562833,248.739024803003,226.223107446719
RO010C,1,2050,50%,heat,12.574491616585,13.7181545798998,26.2926461964848
RO010C,1,2050,50%,tot,-9.94142573969837,262.457179382903,252.515753643204
RO010C,1,2050,90%,cold,-22.5159173562833,248.739024803003,226.223107446719
RO010C,1,2050,90%,heat,2.83587782371638,2.9267335760684,5.76261139978478
RO010C,1,2050,90%,tot,-19.6800395325669,251.665758379071,231.985718846504
RO010C,2,2050,0%,cold,-27.6418915576874,243.903550895527,216.261659337839
RO010C,2,2050,0%,heat,22.6046300493201,25.2583359459276,47.8629659952477
RO010C,2,2050,0%,tot,-5.03726150836733,269.161886841454,264.124625333087
RO010C,2,2050,10%,cold,-27.6418915576874,243.903550895527,216.261659337839
RO010C,2,2050,10%,heat,20.7560139880492,23.0255302282371,43.7815442162863
RO010C,2,2050,10%,tot,-6.88587756963819,266.929081123764,260.043203554126
RO010C,2,2050,50%,cold,-27.6418915576874,243.903550895527,216.261659337839
RO010C,2,2050,50%,heat,12.5848230009405,13.5109690011915,26.0957920021321
RO010C,2,2050,50%,tot,-15.0570685567469,257.414519896718,242.357451339971
RO010C,2,2050,90%,cold,-27.6418915576874,243.903550895527,216.261659337839
RO010C,2,2050,90%,heat,2.7903189024686,2.87379118277438,5.66411008524297
RO010C,2,2050,90%,tot,-24.8515726552188,246.777342078301,221.925769423082
RO010C,3,2050,0%,cold,-31.929663916337,240.024641758405,208.094977842068
RO010C,3,2050,0%,heat,31.2904341225937,25.4580619362044,56.748496058798
RO010C,3,2050,0%,tot,-0.639229793743393,265.482703694609,264.843473900866
RO010C,3,2050,10%,cold,-31.929663916337,240.024641758405,208.094977842068
RO010C,3,2050,10%,heat,28.7743171113213,23.2121795123829,51.9864966237041
RO010C,3,2050,10%,tot,-3.15534680501579,263.236821270788,260.081474465772
RO010C,3,2050,50%,cold,-31.929663916337,240.024641758405,208.094977842068
RO010C,3,2050,50%,heat,17.5784468962081,13.6350476331461,31.2134945293542
RO010C,3,2050,50%,tot,-14.351217020129,253.659689391551,239.308472371422
RO010C,3,2050,90%,cold,-31.929663916337,240.024641758405,208.094977842068
RO010C,3,2050,90%,heat,3.94450198298934,2.90556379726875,6.85006578025809
RO010C,3,2050,90%,tot,-27.9851619333477,242.930205555674,214.945043622326
RO011C,1,2050,0%,cold,-19.4248147971815,216.698457511207,197.273642714025
RO011C,1,2050,0%,heat,20.004366266908,20.4608668678971,40.4652331348051
RO011C,1,2050,0%,tot,0.579551469726472,237.159324379104,237.73887584883
RO011C,1,2050,10%,cold,-19.4248147971815,216.698457511207,197.273642714025
RO011C,1,2050,10%,heat,18.4113666724161,18.6498993554409,37.061266027857
RO011C,1,2050,10%,tot,-1.0134481247654,235.348356866647,234.334908741882
RO011C,1,2050,50%,cold,-19.4248147971815,216.698457511207,197.273642714025
RO011C,1,2050,50%,heat,11.2873752989907,10.9398006938956,22.2271759928864
RO011C,1,2050,50%,tot,-8.13743949819077,227.638258205102,219.500818706911
RO011C,1,2050,90%,cold,-19.4248147971815,216.698457511207,197.273642714025
RO011C,1,2050,90%,heat,2.54147517450969,2.32757281971932,4.86904799422901
RO011C,1,2050,90%,tot,-16.8833396226718,219.026030330926,202.142690708254
RO011C,2,2050,0%,cold,-23.2528721651551,212.401373809175,189.14850164402
RO011C,2,2050,0%,heat,20.0396549185349,20.0714810946214,40.1111360131563
RO011C,2,2050,0%,tot,-3.2132172466202,232.472854903797,229.259637657177
RO011C,2,2050,10%,cold,-23.2528721651551,212.401373809175,189.14850164402
RO011C,2,2050,10%,heat,18.3928518208977,18.2860259578699,36.6788777787676
RO011C,2,2050,10%,tot,-4.86002034425741,230.687399767045,225.827379422788
RO011C,2,2050,50%,cold,-23.2528721651551,212.401373809175,189.14850164402
RO011C,2,2050,50%,heat,11.1265952957822,10.7012773823824,21.8278726781646
RO011C,2,2050,50%,tot,-12.1262768693729,223.102651191558,210.976374322185
RO011C,2,2050,90%,cold,-23.2528721651551,212.401373809175,189.14850164402
RO011C,2,2050,90%,heat,2.45784566707308,2.26912470252088,4.72697036959396
RO011C,2,2050,90%,tot,-20.795026498082,214.670498511696,193.875472013614
RO011C,3,2050,0%,cold,-26.9443722177695,208.851474000166,181.907101782396
RO011C,3,2050,0%,heat,29.4166012941909,20.3321119772278,49.7487132714188
RO011C,3,2050,0%,tot,2.47222907642137,229.183585977394,231.655815053815
RO011C,3,2050,10%,cold,-26.9443722177695,208.851474000166,181.907101782396
RO011C,3,2050,10%,heat,27.0648633536896,18.5288951120971,45.5937584657867
RO011C,3,2050,10%,tot,0.120491135920035,227.380369112263,227.500860248183
RO011C,3,2050,50%,cold,-26.9443722177695,208.851474000166,181.907101782396
RO011C,3,2050,50%,heat,16.5745016228321,10.8590919740996,27.4335935969317
RO011C,3,2050,50%,tot,-10.3698705949374,219.710565974265,209.340695379328
RO011C,3,2050,90%,cold,-26.9443722177695,208.851474000166,181.907101782396
RO011C,3,2050,90%,heat,3.73277818453328,2.30740957815714,6.04018776269043
RO011C,3,2050,90%,tot,-23.2115940332363,211.158883578323,187.947289545087
RO012C,1,2050,0%,cold,-16.195635767609,158.098380985965,141.902745218356
RO012C,1,2050,0%,heat,17.2106462994837,18.0669729851345,35.2776192846182
RO012C,1,2050,0%,tot,1.01501053187462,176.165353971099,177.180364502974
RO012C,1,2050,10%,cold,-16.195635767609,158.098380985965,141.902745218356
RO012C,1,2050,10%,heat,15.8883148876821,16.5103094406671,32.3986243283493
RO012C,1,2050,10%,tot,-0.307320879926903,174.608690426632,174.301369546705
RO012C,1,2050,50%,cold,-16.195635767609,158.098380985965,141.902745218356
RO012C,1,2050,50%,heat,9.8792659998687,9.79989944898982,19.6791654488585
RO012C,1,2050,50%,tot,-6.31636976774035,167.898280434954,161.581910667214
RO012C,1,2050,90%,cold,-16.195635767609,158.098380985965,141.902745218356
RO012C,1,2050,90%,heat,2.26773025526457,2.1176473738574,4.38537762912197
RO012C,1,2050,90%,tot,-13.9279055123445,160.216028359822,146.288122847478
RO012C,2,2050,0%,cold,-18.3801081124524,155.696114274885,137.316006162433
RO012C,2,2050,0%,heat,18.3391123421124,18.1587907266259,36.4979030687383
RO012C,2,2050,0%,tot,-0.0409957703399943,173.854905001511,173.813909231171
RO012C,2,2050,10%,cold,-18.3801081124524,155.696114274885,137.316006162433
RO012C,2,2050,10%,heat,16.9054735425387,16.5917556979778,33.4972292405165
RO012C,2,2050,10%,tot,-1.47463456991372,172.287869972863,170.813235402949
RO012C,2,2050,50%,cold,-18.3801081124524,155.696114274885,137.316006162433
RO012C,2,2050,50%,heat,10.4354153997058,9.83981281704644,20.2752282167523
RO012C,2,2050,50%,tot,-7.94469271274656,165.535927091931,157.591234379185
RO012C,2,2050,90%,cold,-18.3801081124524,155.696114274885,137.316006162433
RO012C,2,2050,90%,heat,2.3685225816749,2.12257032132711,4.49109290300201
RO012C,2,2050,90%,tot,-16.0115855307775,157.818684596212,141.807099065435
RO012C,3,2050,0%,cold,-21.7557510568529,154.223081685673,132.46733062882
RO012C,3,2050,0%,heat,25.0712746848499,18.1909591123459,43.2622337971959
RO012C,3,2050,0%,tot,3.31552362799706,172.414040798019,175.729564426016
RO012C,3,2050,10%,cold,-21.7557510568529,154.223081685673,132.46733062882
RO012C,3,2050,10%,heat,23.1452700995655,16.6141476705519,39.7594177701174
RO012C,3,2050,10%,tot,1.38951904271259,170.837229356225,172.226748398938
RO012C,3,2050,50%,cold,-21.7557510568529,154.223081685673,132.46733062882
RO012C,3,2050,50%,heat,14.3909735067946,9.83417565065499,24.2251491574496
RO012C,3,2050,50%,tot,-7.36477755005833,164.057257336328,156.69247978627
RO012C,3,2050,90%,cold,-21.7557510568529,154.223081685673,132.46733062882
RO012C,3,2050,90%,heat,3.30288670946147,2.11603049747953,5.418917206941
RO012C,3,2050,90%,tot,-18.4528643473914,156.339112183153,137.886247835761
RO013C,1,2050,0%,cold,-14.8663191489036,163.995318013379,149.128998864475
RO013C,1,2050,0%,heat,16.7194374404721,20.371333307387,37.0907707478591
RO013C,1,2050,0%,tot,1.85311829156848,184.366651320766,186.219769612335
RO013C,1,2050,10%,cold,-14.8663191489036,163.995318013379,149.128998864475
RO013C,1,2050,10%,heat,15.441197039555,18.6298075038546,34.0710045434096
RO013C,1,2050,10%,tot,0.574877890651355,182.625125517234,183.200003407885
RO013C,1,2050,50%,cold,-14.8663191489036,163.995318013379,149.128998864475
RO013C,1,2050,50%,heat,9.6179839599847,11.0939028685832,20.7118868285679
RO013C,1,2050,50%,tot,-5.24833518891891,175.089220881962,169.840885693043
RO013C,1,2050,90%,cold,-14.8663191489036,163.995318013379,149.128998864475
RO013C,1,2050,90%,heat,2.21193320551889,2.40643704147397,4.61837024699286
RO013C,1,2050,90%,tot,-12.6543859433847,166.401755054853,153.747369111468
RO013C,2,2050,0%,cold,-17.9238118066912,160.305102998219,142.381291191527
RO013C,2,2050,0%,heat,19.0409437778719,20.3158004052926,39.3567441831645
RO013C,2,2050,0%,tot,1.11713197118069,180.620903403511,181.738035374692
RO013C,2,2050,10%,cold,-17.9238118066912,160.305102998219,142.381291191527
RO013C,2,2050,10%,heat,17.5680491552644,18.5857329537727,36.1537821090371
RO013C,2,2050,10%,tot,-0.355762651426768,178.890835951991,178.535073300565
RO013C,2,2050,50%,cold,-17.9238118066912,160.305102998219,142.381291191527
RO013C,2,2050,50%,heat,10.8910104253775,11.0871504357234,21.9781608611009
RO013C,2,2050,50%,tot,-7.03280138131365,171.392253433942,164.359452052628
RO013C,2,2050,90%,cold,-17.9238118066912,160.305102998219,142.381291191527
RO013C,2,2050,90%,heat,2.48802197640166,2.41120540100642,4.89922737740808
RO013C,2,2050,90%,tot,-15.4357898302895,162.716308399225,147.280518568936
RO013C,3,2050,0%,cold,-20.354781015468,157.274108730181,136.919327714713
RO013C,3,2050,0%,heat,23.8768833147536,20.144155256009,44.0210385707626
RO013C,3,2050,0%,tot,3.52210229928555,177.41826398619,180.940366285476
RO013C,3,2050,10%,cold,-20.354781015468,157.274108730181,136.919327714713
RO013C,3,2050,10%,heat,22.046501929162,18.4205217691337,40.4670236982957
RO013C,3,2050,10%,tot,1.69172091369392,175.694630499315,177.386351413009
RO013C,3,2050,50%,cold,-20.354781015468,157.274108730181,136.919327714713
RO013C,3,2050,50%,heat,13.7204101588268,10.9649055090214,24.6853156678482
RO013C,3,2050,50%,tot,-6.63437085664128,168.239014239203,161.604643382561
RO013C,3,2050,90%,cold,-20.354781015468,157.274108730181,136.919327714713
RO013C,3,2050,90%,heat,3.15320220739271,2.37685356842982,5.53005577582253
RO013C,3,2050,90%,tot,-17.2015788080753,159.650962298611,142.449383490536
RO014C,1,2050,0%,cold,-11.2317184061855,120.963411826796,109.73169342061
RO014C,1,2050,0%,heat,10.1359360686031,12.7611233307636,22.8970593993667
RO014C,1,2050,0%,tot,-1.0957823375824,133.724535157559,132.628752819977
RO014C,1,2050,10%,cold,-11.2317184061855,120.963411826796,109.73169342061
RO014C,1,2050,10%,heat,9.30337425664447,11.6242839316772,20.9276581883216
RO014C,1,2050,10%,tot,-1.92834414954107,132.587695758473,130.659351608932
RO014C,1,2050,50%,cold,-11.2317184061855,120.963411826796,109.73169342061
RO014C,1,2050,50%,heat,5.62774939893895,6.7966344213273,12.4243838202662
RO014C,1,2050,50%,tot,-5.60396900724659,127.760046248123,122.156077240876
RO014C,1,2050,90%,cold,-11.2317184061855,120.963411826796,109.73169342061
RO014C,1,2050,90%,heat,1.24232092496794,1.43882796256142,2.68114888752936
RO014C,1,2050,90%,tot,-9.9893974812176,122.402239789357,112.412842308139
RO014C,2,2050,0%,cold,-13.9419871593536,118.792369098672,104.850381939318
RO014C,2,2050,0%,heat,10.5088447893969,12.6621301376081,23.1709749270049
RO014C,2,2050,0%,tot,-3.43314236995672,131.45449923628,128.021356866323
RO014C,2,2050,10%,cold,-13.9419871593536,118.792369098672,104.850381939318
RO014C,2,2050,10%,heat,9.62292289959477,11.529770183709,21.1526930833038
RO014C,2,2050,10%,tot,-4.31906425975884,130.322139282381,126.003075022622
RO014C,2,2050,50%,cold,-13.9419871593536,118.792369098672,104.850381939318
RO014C,2,2050,50%,heat,5.75764139697957,6.72956337078798,12.4872047677676
RO014C,2,2050,50%,tot,-8.18434576237404,125.52193246946,117.337586707086
RO014C,2,2050,90%,cold,-13.9419871593536,118.792369098672,104.850381939318
RO014C,2,2050,90%,heat,1.2527194384503,1.42126183887724,2.67398127732754
RO014C,2,2050,90%,tot,-12.6892677209033,120.213630937549,107.524363216645
RO014C,3,2050,0%,cold,-16.0843192096829,117.016112980205,100.931793770522
RO014C,3,2050,0%,heat,13.8964482822749,12.7687143640049,26.6651626462798
RO014C,3,2050,0%,tot,-2.18787092740796,129.78482734421,127.596956416802
RO014C,3,2050,10%,cold,-16.0843192096829,117.016112980205,100.931793770522
RO014C,3,2050,10%,heat,12.7403518418275,11.6281998219431,24.3685516637706
RO014C,3,2050,10%,tot,-3.34396736785534,128.644312802148,125.300345434293
RO014C,3,2050,50%,cold,-16.0843192096829,117.016112980205,100.931793770522
RO014C,3,2050,50%,heat,7.66727429217257,6.79113634506774,14.4584106372403
RO014C,3,2050,50%,tot,-8.4170449175103,123.807249325273,115.390204407762
RO014C,3,2050,90%,cold,-16.0843192096829,117.016112980205,100.931793770522
RO014C,3,2050,90%,heat,1.68189485073995,1.43567152143445,3.1175663721744
RO014C,3,2050,90%,tot,-14.4024243589429,118.451784501639,104.049360142696
RO015C,1,2050,0%,cold,-23.3434148049161,226.773719441496,203.43030463658
RO015C,1,2050,0%,heat,18.6430288759683,20.022868460186,38.6658973361543
RO015C,1,2050,0%,tot,-4.70038592894779,246.796587901682,242.096201972734
RO015C,1,2050,10%,cold,-23.3434148049161,226.773719441496,203.43030463658
RO015C,1,2050,10%,heat,17.207634058976,18.3015727972219,35.5092068561978
RO015C,1,2050,10%,tot,-6.13578074594018,245.075292238718,238.939511492777
RO015C,1,2050,50%,cold,-23.3434148049161,226.773719441496,203.43030463658
RO015C,1,2050,50%,heat,10.6978367297989,10.8755035373795,21.5733402671784
RO015C,1,2050,50%,tot,-12.6455780751172,237.649222978875,225.003644903758
RO015C,1,2050,90%,cold,-23.3434148049161,226.773719441496,203.43030463658
RO015C,1,2050,90%,heat,2.4595079897555,2.35414051176762,4.81364850152312
RO015C,1,2050,90%,tot,-20.8839068151606,229.127859953263,208.243953138103
RO015C,2,2050,0%,cold,-28.080908691748,220.315203160516,192.234294468768
RO015C,2,2050,0%,heat,19.6580373252797,19.4318761065232,39.0899134318029
RO015C,2,2050,0%,tot,-8.42287136646827,239.747079267039,231.324207900571
RO015C,2,2050,10%,cold,-28.080908691748,220.315203160516,192.234294468768
RO015C,2,2050,10%,heat,18.1011776214798,17.7492353198116,35.8504129412913
RO015C,2,2050,10%,tot,-9.97973107026824,238.064438480328,228.084707410059
RO015C,2,2050,50%,cold,-28.080908691748,220.315203160516,192.234294468768
RO015C,2,2050,50%,heat,11.1185469243086,10.5129764888024,21.631523413111
RO015C,2,2050,50%,tot,-16.9623617674394,230.828179649318,213.865817881879
RO015C,2,2050,90%,cold,-28.080908691748,220.315203160516,192.234294468768
RO015C,2,2050,90%,heat,2.50811669449573,2.26569656418949,4.77381325868522
RO015C,2,2050,90%,tot,-25.5727919972523,222.580899724706,197.008107727453
RO015C,3,2050,0%,cold,-31.8436716203623,214.802957241821,182.959285621459
RO015C,3,2050,0%,heat,26.4478069196533,19.212693964131,45.6605008837842
RO015C,3,2050,0%,tot,-5.39586470070902,234.015651205952,228.619786505243
RO015C,3,2050,10%,cold,-31.8436716203623,214.802957241821,182.959285621459
RO015C,3,2050,10%,heat,24.3919119671314,17.5482839274941,41.9401958946255
RO015C,3,2050,10%,tot,-7.45175965323089,232.351241169315,224.899481516084
RO015C,3,2050,50%,cold,-31.8436716203623,214.802957241821,182.959285621459
RO015C,3,2050,50%,heat,15.105738585294,10.3930728941943,25.4988114794883
RO015C,3,2050,50%,tot,-16.7379330350683,225.196030136015,208.458097100947
RO015C,3,2050,90%,cold,-31.8436716203623,214.802957241821,182.959285621459
RO015C,3,2050,90%,heat,3.45480729405605,2.23975054216731,5.69455783622336
RO015C,3,2050,90%,tot,-28.3888643263063,217.042707783988,188.653843457682
RO016C,1,2050,0%,cold,-14.5425561324228,157.760616758892,143.218060626469
RO016C,1,2050,0%,heat,17.7425062754271,19.8260652069541,37.5685714823812
RO016C,1,2050,0%,tot,3.19995014300433,177.586681965846,180.78663210885
RO016C,1,2050,10%,cold,-14.5425561324228,157.760616758892,143.218060626469
RO016C,1,2050,10%,heat,16.3636682256642,18.0984135573982,34.4620817830624
RO016C,1,2050,10%,tot,1.82111209324137,175.85903031629,177.680142409531
RO016C,1,2050,50%,cold,-14.5425561324228,157.760616758892,143.218060626469
RO016C,1,2050,50%,heat,10.1234723230538,10.6844445112595,20.8079168343133
RO016C,1,2050,50%,tot,-4.41908380936903,168.445061270151,164.025977460782
RO016C,1,2050,90%,cold,-14.5425561324228,157.760616758892,143.218060626469
RO016C,1,2050,90%,heat,2.30390614112799,2.28924803131872,4.59315417244671
RO016C,1,2050,90%,tot,-12.2386499912948,160.049864790211,147.811214798916
RO016C,2,2050,0%,cold,-18.1575454513785,156.752584818941,138.595039367562
RO016C,2,2050,0%,heat,19.0539137746599,19.933322499357,38.9872362740169
RO016C,2,2050,0%,tot,0.896368323281416,176.685907318298,177.582275641579
RO016C,2,2050,10%,cold,-18.1575454513785,156.752584818941,138.595039367562
RO016C,2,2050,10%,heat,17.5224584121448,18.1927976556652,35.71525606781
RO016C,2,2050,10%,tot,-0.635087039233673,174.945382474606,174.310295435372
RO016C,2,2050,50%,cold,-18.1575454513785,156.752584818941,138.595039367562
RO016C,2,2050,50%,heat,10.6925722697627,10.7305701537759,21.4231424235386
RO016C,2,2050,50%,tot,-7.46497318161576,167.483154972717,160.018181791101
RO016C,2,2050,90%,cold,-18.1575454513785,156.752584818941,138.595039367562
RO016C,2,2050,90%,heat,2.38689395762974,2.29638408143315,4.68327803906288
RO016C,2,2050,90%,tot,-15.7706514937487,159.048968900374,143.278317406625
RO016C,3,2050,0%,cold,-21.343634751575,156.521254310598,135.177619559023
RO016C,3,2050,0%,heat,25.2865952609135,20.3523112580176,45.6389065189311
RO016C,3,2050,0%,tot,3.94296050933853,176.873565568615,180.816526077954
RO016C,3,2050,10%,cold,-21.343634751575,156.521254310598,135.177619559023
RO016C,3,2050,10%,heat,23.2914182835335,18.5727584148883,41.8641766984218
RO016C,3,2050,10%,tot,1.9477835319585,175.094012725486,177.041796257444
RO016C,3,2050,50%,cold,-21.343634751575,156.521254310598,135.177619559023
RO016C,3,2050,50%,heat,14.3251498334754,10.9482331097099,25.2733829431853
RO016C,3,2050,50%,tot,-7.01848491809957,167.469487420308,160.451002502208
RO016C,3,2050,90%,cold,-21.343634751575,156.521254310598,135.177619559023
RO016C,3,2050,90%,heat,3.23543796320476,2.34130911884262,5.57674708204738
RO016C,3,2050,90%,tot,-18.1081967883702,158.86256342944,140.75436664107
RO017C,1,2050,0%,cold,-20.2699154466995,161.59417719656,141.32426174986
RO017C,1,2050,0%,heat,21.5733139196769,13.9302370732136,35.5035509928904
RO017C,1,2050,0%,tot,1.30339847297732,175.524414269774,176.827812742751
RO017C,1,2050,10%,cold,-20.2699154466995,161.59417719656,141.32426174986
RO017C,1,2050,10%,heat,19.8912665561154,12.6905215676939,32.5817881238093
RO017C,1,2050,10%,tot,-0.378648890584119,174.284698764254,173.90604987367
RO017C,1,2050,50%,cold,-20.2699154466995,161.59417719656,141.32426174986
RO017C,1,2050,50%,heat,12.2924994779639,7.42449693321167,19.7169964111755
RO017C,1,2050,50%,tot,-7.97741596873568,169.018674129772,161.041258161036
RO017C,1,2050,90%,cold,-20.2699154466995,161.59417719656,141.32426174986
RO017C,1,2050,90%,heat,2.79471140158542,1.57337739369522,4.36808879528064
RO017C,1,2050,90%,tot,-17.4752040451141,163.167554590255,145.692350545141
RO017C,2,2050,0%,cold,-18.9855339500934,163.678555029258,144.693021079165
RO017C,2,2050,0%,heat,15.408962182177,14.2456263304579,29.6545885126349
RO017C,2,2050,0%,tot,-3.57657176791637,177.924181359716,174.3476095918
RO017C,2,2050,10%,cold,-18.9855339500934,163.678555029258,144.693021079165
RO017C,2,2050,10%,heat,14.1460204468865,12.9713026232949,27.1173230701813
RO017C,2,2050,10%,tot,-4.83951350320691,176.649857652553,171.810344149346
RO017C,2,2050,50%,cold,-18.9855339500934,163.678555029258,144.693021079165
RO017C,2,2050,50%,heat,8.56318298552102,7.57086733915033,16.1340503246713
RO017C,2,2050,50%,tot,-10.4223509645723,171.249422368409,160.827071403836
RO017C,2,2050,90%,cold,-18.9855339500934,163.678555029258,144.693021079165
RO017C,2,2050,90%,heat,1.89120792929598,1.5993141924269,3.49052212172289
RO017C,2,2050,90%,tot,-17.0943260207974,165.277869221685,148.183543200888
RO017C,3,2050,0%,cold,-27.4283386805883,167.559142889594,140.130804209006
RO017C,3,2050,0%,heat,30.1862228719268,14.8640157910515,45.0502386629783
RO017C,3,2050,0%,tot,2.75788419133842,182.423158680646,185.181042871984
RO017C,3,2050,10%,cold,-27.4283386805883,167.559142889594,140.130804209006
RO017C,3,2050,10%,heat,27.8183477913679,13.529802823777,41.3481506151448
RO017C,3,2050,10%,tot,0.390009110779535,181.088945713371,181.478954824151
RO017C,3,2050,50%,cold,-27.4283386805883,167.559142889594,140.130804209006
RO017C,3,2050,50%,heat,17.1462483243687,7.88549843506946,25.0317467594382
RO017C,3,2050,50%,tot,-10.2820903562196,175.444641324664,165.162550968444
RO017C,3,2050,90%,cold,-27.4283386805883,167.559142889594,140.130804209006
RO017C,3,2050,90%,heat,3.88227453526566,1.66314475451896,5.54541928978462
RO017C,3,2050,90%,tot,-23.5460641453227,169.222287644113,145.676223498791
RO018C,1,2050,0%,cold,-14.9640702163225,158.03915006621,143.075079849887
RO018C,1,2050,0%,heat,18.7892903591902,17.8413265627689,36.6306169219591
RO018C,1,2050,0%,tot,3.82522014286771,175.880476628979,179.705696771847
RO018C,1,2050,10%,cold,-14.9640702163225,158.03915006621,143.075079849887
RO018C,1,2050,10%,heat,17.3687565447792,16.3050922858866,33.6738488306658
RO018C,1,2050,10%,tot,2.40468632845671,174.344242352096,176.748928680553
RO018C,1,2050,50%,cold,-14.9640702163225,158.03915006621,143.075079849887
RO018C,1,2050,50%,heat,10.8690431130966,9.68063891269409,20.5496820257907
RO018C,1,2050,50%,tot,-4.09502710322588,167.719788978904,163.624761875678
RO018C,1,2050,90%,cold,-14.9640702163225,158.03915006621,143.075079849887
RO018C,1,2050,90%,heat,2.51768831073389,2.09216558650333,4.60985389723722
RO018C,1,2050,90%,tot,-12.4463819055886,160.131315652713,147.684933747125
RO018C,2,2050,0%,cold,-18.451695520007,155.285776788472,136.834081268465
RO018C,2,2050,0%,heat,20.3791998938563,17.8082575510579,38.1874574449143
RO018C,2,2050,0%,tot,1.9275043738493,173.09403433953,175.021538713379
RO018C,2,2050,10%,cold,-18.451695520007,155.285776788472,136.834081268465
RO018C,2,2050,10%,heat,18.7983567018907,16.2745817452057,35.0729384470964
RO018C,2,2050,10%,tot,0.346661181883679,171.560358533677,171.907019715561
RO018C,2,2050,50%,cold,-18.451695520007,155.285776788472,136.834081268465
RO018C,2,2050,50%,heat,11.6407991131826,9.66137050238215,21.3021696155648
RO018C,2,2050,50%,tot,-6.81089640682441,164.947147290854,158.136250884029
RO018C,2,2050,90%,cold,-18.451695520007,155.285776788472,136.834081268465
RO018C,2,2050,90%,heat,2.65376988252577,2.08733600130548,4.74110588383125
RO018C,2,2050,90%,tot,-15.7979256374813,157.373112789777,141.575187152296
RO018C,3,2050,0%,cold,-21.0276259502125,153.180411820166,132.152785869954
RO018C,3,2050,0%,heat,26.1309884818365,17.8399448553969,43.9709333372334
RO018C,3,2050,0%,tot,5.103362531624,171.020356675563,176.123719207187
RO018C,3,2050,10%,cold,-21.0276259502125,153.180411820166,132.152785869954
RO018C,3,2050,10%,heat,24.1390810391537,16.3013150437604,40.4403960829141
RO018C,3,2050,10%,tot,3.11145508894119,169.481726863927,172.593181952868
RO018C,3,2050,50%,cold,-21.0276259502125,153.180411820166,132.152785869954
RO018C,3,2050,50%,heat,15.0686358536905,9.67155791581144,24.7401937695019
RO018C,3,2050,50%,tot,-5.958990096522,162.851969735977,156.892979639456
RO018C,3,2050,90%,cold,-21.0276259502125,153.180411820166,132.152785869954
RO018C,3,2050,90%,heat,3.4865575252669,2.08795022529799,5.57450775056489
RO018C,3,2050,90%,tot,-17.5410684249456,155.268362045464,137.727293620518
RO019C,1,2050,0%,cold,-14.4845701148437,175.212830702388,160.728260587545
RO019C,1,2050,0%,heat,15.6076313703029,20.8752713553781,36.482902725681
RO019C,1,2050,0%,tot,1.12306125545926,196.088102057767,197.211163313226
RO019C,1,2050,10%,cold,-14.4845701148437,175.212830702388,160.728260587545
RO019C,1,2050,10%,heat,14.3607338376981,19.0482924446094,33.4090262823075
RO019C,1,2050,10%,tot,-0.123836277145592,194.261123146998,194.137286869852
RO019C,1,2050,50%,cold,-14.4845701148437,175.212830702388,160.728260587545
RO019C,1,2050,50%,heat,8.7818100649743,11.222177047239,20.0039871122133
RO019C,1,2050,50%,tot,-5.70276004986937,186.435007749627,180.732247699758
RO019C,1,2050,90%,cold,-14.4845701148437,175.212830702388,160.728260587545
RO019C,1,2050,90%,heat,1.96427080524249,2.39722639510211,4.3614972003446
RO019C,1,2050,90%,tot,-12.5202993096012,177.610057097491,165.089757787889
RO019C,2,2050,0%,cold,-18.1908503149872,174.78718856518,156.596338250192
RO019C,2,2050,0%,heat,18.0132972828517,21.1370272017588,39.1503244846105
RO019C,2,2050,0%,tot,-0.17755303213552,195.924215766938,195.746662734803
RO019C,2,2050,10%,cold,-18.1908503149872,174.78718856518,156.596338250192
RO019C,2,2050,10%,heat,16.5473675392104,19.2903073020394,35.8376748412498
RO019C,2,2050,10%,tot,-1.6434827757768,194.077495867219,192.434013091442
RO019C,2,2050,50%,cold,-18.1908503149872,174.78718856518,156.596338250192
RO019C,2,2050,50%,heat,10.0428511333089,11.3741882926843,21.4170394259931
RO019C,2,2050,50%,tot,-8.14799918167833,186.161376857864,178.013377676186
RO019C,2,2050,90%,cold,-18.1908503149872,174.78718856518,156.596338250192
RO019C,2,2050,90%,heat,2.22366190749969,2.43278021841464,4.65644212591433
RO019C,2,2050,90%,tot,-15.9671884074875,177.219968783594,161.252780376107
RO019C,3,2050,0%,cold,-21.0560495623937,175.199986172171,154.143936609777
RO019C,3,2050,0%,heat,22.8528696175736,21.5146002339803,44.3674698515539
RO019C,3,2050,0%,tot,1.79682005517991,196.714586406151,198.511406461331
RO019C,3,2050,10%,cold,-21.0560495623937,175.199986172171,154.143936609777
RO019C,3,2050,10%,heat,21.0067992897966,19.6276111744322,40.6344104642289
RO019C,3,2050,10%,tot,-0.0492502725970981,194.827597346603,194.778347074006
RO019C,3,2050,50%,cold,-21.0560495623937,175.199986172171,154.143936609777
RO019C,3,2050,50%,heat,12.7916938779076,11.5523736823297,24.3440675602373
RO019C,3,2050,50%,tot,-8.26435568448617,186.7523598545,178.488004170014
RO019C,3,2050,90%,cold,-21.0560495623937,175.199986172171,154.143936609777
RO019C,3,2050,90%,heat,2.84713300401608,2.46460473444745,5.31173773846353
RO019C,3,2050,90%,tot,-18.2089165583777,177.664590906618,159.45567434824
RO020C,1,2050,0%,cold,-13.7969639752163,150.216694957102,136.419730981886
RO020C,1,2050,0%,heat,11.7329125152888,12.6532016969536,24.3861142122425
RO020C,1,2050,0%,tot,-2.06405145992742,162.869896654056,160.805845194128
RO020C,1,2050,10%,cold,-13.7969639752163,150.216694957102,136.419730981886
RO020C,1,2050,10%,heat,10.8080368685835,11.5505865474944,22.3586234160779
RO020C,1,2050,10%,tot,-2.98892710663277,161.767281504596,158.778354397964
RO020C,1,2050,50%,cold,-13.7969639752163,150.216694957102,136.419730981886
RO020C,1,2050,50%,heat,6.65457646065888,6.82230899521664,13.4768854558755
RO020C,1,2050,50%,tot,-7.14238751455739,157.039003952319,149.896616437761
RO020C,1,2050,90%,cold,-13.7969639752163,150.216694957102,136.419730981886
RO020C,1,2050,90%,heat,1.50807633707026,1.46443669705969,2.97251303412994
RO020C,1,2050,90%,tot,-12.288887638146,151.681131654162,139.392244016016
RO020C,2,2050,0%,cold,-16.5590736486121,147.54568277135,130.986609122738
RO020C,2,2050,0%,heat,12.3124732997341,12.4296493684815,24.7421226682156
RO020C,2,2050,0%,tot,-4.24660034887792,159.975332139832,155.728731790954
RO020C,2,2050,10%,cold,-16.5590736486121,147.54568277135,130.986609122738
RO020C,2,2050,10%,heat,11.3147487586156,11.3393879608708,22.6541367194864
RO020C,2,2050,10%,tot,-5.24432488999641,158.885070732221,153.640745842225
RO020C,2,2050,50%,cold,-16.5590736486121,147.54568277135,130.986609122738
RO020C,2,2050,50%,heat,6.88403540853476,6.67801500547965,13.5620504140144
RO020C,2,2050,50%,tot,-9.6750382400773,154.22369777683,144.548659536753
RO020C,2,2050,90%,cold,-16.5590736486121,147.54568277135,130.986609122738
RO020C,2,2050,90%,heat,1.53209907053815,1.42798639058644,2.96008546112459
RO020C,2,2050,90%,tot,-15.0269745780739,148.973669161937,133.946694583863
RO020C,3,2050,0%,cold,-19.2911336136713,145.787382529006,126.496248915335
RO020C,3,2050,0%,heat,17.334876708958,12.5008163513269,29.8356930602849
RO020C,3,2050,0%,tot,-1.95625690471327,158.288198880333,156.33194197562
RO020C,3,2050,10%,cold,-19.2911336136713,145.787382529006,126.496248915335
RO020C,3,2050,10%,heat,15.9569716192224,11.4025142429017,27.3594858621242
RO020C,3,2050,10%,tot,-3.33416199444885,157.189896771908,153.855734777459
RO020C,3,2050,50%,cold,-19.2911336136713,145.787382529006,126.496248915335
RO020C,3,2050,50%,heat,9.78984378641547,6.71076714389417,16.5006109303096
RO020C,3,2050,50%,tot,-9.50128982725583,152.4981496729,142.996859845644
RO020C,3,2050,90%,cold,-19.2911336136713,145.787382529006,126.496248915335
RO020C,3,2050,90%,heat,2.20695473519984,1.43386203458033,3.64081676978017
RO020C,3,2050,90%,tot,-17.0841788784715,147.221244563586,130.137065685115
RO021C,1,2050,0%,cold,-13.7556009326625,153.648704355867,139.893103423204
RO021C,1,2050,0%,heat,11.2691732589721,12.6773429217272,23.9465161806993
RO021C,1,2050,0%,tot,-2.48642767369036,166.326047277594,163.839619603904
RO021C,1,2050,10%,cold,-13.7556009326625,153.648704355867,139.893103423204
RO021C,1,2050,10%,heat,10.3540284412598,11.5479490836159,21.9019775248757
RO021C,1,2050,10%,tot,-3.4015724914027,165.196653439483,161.79508094808
RO021C,1,2050,50%,cold,-13.7556009326625,153.648704355867,139.893103423204
RO021C,1,2050,50%,heat,6.29486302303256,6.75362817148298,13.0484911945155
RO021C,1,2050,50%,tot,-7.46073790962992,160.40233252735,152.94159461772
RO021C,1,2050,90%,cold,-13.7556009326625,153.648704355867,139.893103423204
RO021C,1,2050,90%,heat,1.40003421667891,1.43103863442954,2.83107285110845
RO021C,1,2050,90%,tot,-12.3555667159836,155.079742990296,142.724176274313
RO021C,2,2050,0%,cold,-16.5003014590413,151.038676684445,134.538375225404
RO021C,2,2050,0%,heat,11.361612185919,12.4682920388852,23.8299042248042
RO021C,2,2050,0%,tot,-5.13868927312229,163.506968723331,158.368279450208
RO021C,2,2050,10%,cold,-16.5003014590413,151.038676684445,134.538375225404
RO021C,2,2050,10%,heat,10.4136215963491,11.3525001492022,21.7661217455513
RO021C,2,2050,10%,tot,-6.08667986269216,162.391176833648,156.304496970955
RO021C,2,2050,50%,cold,-16.5003014590413,151.038676684445,134.538375225404
RO021C,2,2050,50%,heat,6.25861238389351,6.62560852435494,12.8842209082485
RO021C,2,2050,50%,tot,-10.2416890751478,157.664285208801,147.422596133653
RO021C,2,2050,90%,cold,-16.5003014590413,151.038676684445,134.538375225404
RO021C,2,2050,90%,heat,1.37017964415403,1.39994353013968,2.77012317429371
RO021C,2,2050,90%,tot,-15.1301218148872,152.438620214585,137.308498399698
RO021C,3,2050,0%,cold,-19.3429606482418,149.112688513967,129.769727865725
RO021C,3,2050,0%,heat,16.6552519364499,12.6247419732031,29.279993909653
RO021C,3,2050,0%,tot,-2.68770871179191,161.73743048717,159.049721775378
RO021C,3,2050,10%,cold,-19.3429606482418,149.112688513967,129.769727865725
RO021C,3,2050,10%,heat,15.2963612444663,11.4962162470063,26.7925774914726
RO021C,3,2050,10%,tot,-4.04659940377547,160.608904760973,156.562305357197
RO021C,3,2050,50%,cold,-19.3429606482418,149.112688513967,129.769727865725
RO021C,3,2050,50%,heat,9.28360216543894,6.71308834156085,15.9966905069998
RO021C,3,2050,50%,tot,-10.0593584828028,155.825776855527,145.766418372725
RO021C,3,2050,90%,cold,-19.3429606482418,149.112688513967,129.769727865725
RO021C,3,2050,90%,heat,2.06147789071292,1.41948106620872,3.48095895692165
RO021C,3,2050,90%,tot,-17.2814827575289,150.532169580175,133.250686822647
RO022C,1,2050,0%,cold,-10.9692234439575,126.895130644395,115.925907200437
RO022C,1,2050,0%,heat,11.331709415537,12.8161579093443,24.1478673248813
RO022C,1,2050,0%,tot,0.362485971579463,139.711288553739,140.073774525318
RO022C,1,2050,10%,cold,-10.9692234439575,126.895130644395,115.925907200437
RO022C,1,2050,10%,heat,10.3992937937094,11.6658632496164,22.0651570433259
RO022C,1,2050,10%,tot,-0.569929650248085,138.560993894011,137.991064243763
RO022C,1,2050,50%,cold,-10.9692234439575,126.895130644395,115.925907200437
RO022C,1,2050,50%,heat,6.28707044922731,6.79991472769582,13.0869851769231
RO022C,1,2050,50%,tot,-4.68215299473021,133.69504537209,129.01289237736
RO022C,1,2050,90%,cold,-10.9692234439575,126.895130644395,115.925907200437
RO022C,1,2050,90%,heat,1.38735491685193,1.43472404274843,2.82207895960036
RO022C,1,2050,90%,tot,-9.58186852710558,128.329854687143,118.747986160038
RO022C,2,2050,0%,cold,-13.6275062720611,125.009606198382,111.382099926321
RO022C,2,2050,0%,heat,11.7799893999673,12.7668266039566,24.5468160039239
RO022C,2,2050,0%,tot,-1.84751687209374,137.776432802338,135.928915930245
RO022C,2,2050,10%,cold,-13.6275062720611,125.009606198382,111.382099926321
RO022C,2,2050,10%,heat,10.7868609657016,11.6167661491542,22.4036271148558
RO022C,2,2050,10%,tot,-2.84064530635945,136.626372347536,133.785727041176
RO022C,2,2050,50%,cold,-13.6275062720611,125.009606198382,111.382099926321
RO022C,2,2050,50%,heat,6.45524015062785,6.75963413881658,13.2148742894444
RO022C,2,2050,50%,tot,-7.17226612143323,131.769240337198,124.596974215765
RO022C,2,2050,90%,cold,-13.6275062720611,125.009606198382,111.382099926321
RO022C,2,2050,90%,heat,1.40551038219555,1.42272318569545,2.828233567891
RO022C,2,2050,90%,tot,-12.2219958898655,126.432329384077,114.210333494212
RO022C,3,2050,0%,cold,-15.7486172805187,123.646195477466,107.897578196947
RO022C,3,2050,0%,heat,16.4561986229529,12.9318287883986,29.3880274113515
RO022C,3,2050,0%,tot,0.707581342434222,136.578024265864,137.285605608299
RO022C,3,2050,10%,cold,-15.7486172805187,123.646195477466,107.897578196947
RO022C,3,2050,10%,heat,15.0963042071285,11.7695530366443,26.8658572437727
RO022C,3,2050,10%,tot,-0.652313073390225,135.41574851411,134.76343544072
RO022C,3,2050,50%,cold,-15.7486172805187,123.646195477466,107.897578196947
RO022C,3,2050,50%,heat,9.11533538103303,6.85624238320977,15.9715777642428
RO022C,3,2050,50%,tot,-6.63328189948565,130.502437860675,123.86915596119
RO022C,3,2050,90%,cold,-15.7486172805187,123.646195477466,107.897578196947
RO022C,3,2050,90%,heat,2.01128873212533,1.44547553309701,3.45676426522234
RO022C,3,2050,90%,tot,-13.7373285483934,125.091671010563,111.354342462169
RO023C,1,2050,0%,cold,-72.5494047649109,466.454773956175,393.905369191264
RO023C,1,2050,0%,heat,112.261290240977,62.9937083278865,175.254998568864
RO023C,1,2050,0%,tot,39.7118854760661,529.448482284062,569.160367760127
RO023C,1,2050,10%,cold,-72.5494047649109,466.454773956175,393.905369191264
RO023C,1,2050,10%,heat,104.378074995804,57.5536995674852,161.931774563289
RO023C,1,2050,10%,tot,31.828670230893,524.00847352366,555.837143754553
RO023C,1,2050,50%,cold,-72.5494047649109,466.454773956175,393.905369191264
RO023C,1,2050,50%,heat,67.1360161818485,34.10454957138,101.240565753229
RO023C,1,2050,50%,tot,-5.41338858306241,500.559323527555,495.145934944493
RO023C,1,2050,90%,cold,-72.5494047649109,466.454773956175,393.905369191264
RO023C,1,2050,90%,heat,16.1691918438913,7.33927941291491,23.5084712568062
RO023C,1,2050,90%,tot,-56.3802129210196,473.79405336909,417.41384044807
RO023C,2,2050,0%,cold,-57.2655902248103,470.188131225016,412.922541000205
RO023C,2,2050,0%,heat,64.0590208443064,64.5450632575631,128.60408410187
RO023C,2,2050,0%,tot,6.79343061949614,534.733194482578,541.526625102075
RO023C,2,2050,10%,cold,-57.2655902248103,470.188131225016,412.922541000205
RO023C,2,2050,10%,heat,59.1551608643483,58.9552164285584,118.110377292907
RO023C,2,2050,10%,tot,1.88957063953808,529.143347653574,531.032918293112
RO023C,2,2050,50%,cold,-57.2655902248103,470.188131225016,412.922541000205
RO023C,2,2050,50%,heat,36.7831237025306,34.8899400237952,71.6730637263257
RO023C,2,2050,50%,tot,-20.4824665222797,505.078071248811,484.595604726531
RO023C,2,2050,90%,cold,-57.2655902248103,470.188131225016,412.922541000205
RO023C,2,2050,90%,heat,8.41027976785839,7.4946350646328,15.9049148324912
RO023C,2,2050,90%,tot,-48.8553104569519,477.682766289648,428.827455832697
RO023C,3,2050,0%,cold,-93.6127094209412,479.94751972587,386.334810304929
RO023C,3,2050,0%,heat,147.30314866677,67.5879753951131,214.891124061883
RO023C,3,2050,0%,tot,53.6904392458286,547.535495120983,601.225934366812
RO023C,3,2050,10%,cold,-93.6127094209412,479.94751972587,386.334810304929
RO023C,3,2050,10%,heat,136.926428196911,61.7186622669114,198.645090463822
RO023C,3,2050,10%,tot,43.3137187759696,541.666181992781,584.979900768751
RO023C,3,2050,50%,cold,-93.6127094209412,479.94751972587,386.334810304929
RO023C,3,2050,50%,heat,87.9324845830187,36.4799514039819,124.412435987001
RO023C,3,2050,50%,tot,-5.68022483792241,516.427471129852,510.747246291929
RO023C,3,2050,90%,cold,-93.6127094209412,479.94751972587,386.334810304929
RO023C,3,2050,90%,heat,21.0992543382667,7.82264856866924,28.921902906936
RO023C,3,2050,90%,tot,-72.5134550826744,487.77016829454,415.256713211865
RO024C,1,2050,0%,cold,-44.9249663323551,530.787169741732,485.862203409377
RO024C,1,2050,0%,heat,36.2027703113887,41.9712546987425,78.1740250101311
RO024C,1,2050,0%,tot,-8.72219602096645,572.758424440475,564.036228419508
RO024C,1,2050,10%,cold,-44.9249663323551,530.787169741732,485.862203409377
RO024C,1,2050,10%,heat,33.2392112389457,38.2232721210177,71.4624833599634
RO024C,1,2050,10%,tot,-11.6857550934094,569.01044186275,557.324686769341
RO024C,1,2050,50%,cold,-44.9249663323551,530.787169741732,485.862203409377
RO024C,1,2050,50%,heat,20.1392758818215,22.3304576886694,42.4697335704909
RO024C,1,2050,50%,tot,-24.7856904505335,553.117627430401,528.331936979868
RO024C,1,2050,90%,cold,-44.9249663323551,530.787169741732,485.862203409377
RO024C,1,2050,90%,heat,4.45720189427172,4.72501882962311,9.18222072389483
RO024C,1,2050,90%,tot,-40.4677644380834,535.512188571355,495.044424133272
RO024C,2,2050,0%,cold,-53.5165986440569,522.382694545668,468.866095901611
RO024C,2,2050,0%,heat,36.316527173913,41.5171809830052,77.8337081569182
RO024C,2,2050,0%,tot,-17.2000714701439,563.899875528673,546.699804058529
RO024C,2,2050,10%,cold,-53.5165986440569,522.382694545668,468.866095901611
RO024C,2,2050,10%,heat,33.2723997693411,37.7956589860107,71.0680587553518
RO024C,2,2050,10%,tot,-20.2441988747158,560.178353531679,539.934154656963
RO024C,2,2050,50%,cold,-53.5165986440569,522.382694545668,468.866095901611
RO024C,2,2050,50%,heat,19.9558865530834,22.0429376167064,41.9988241697899
RO024C,2,2050,50%,tot,-33.5607120909735,544.425632162374,510.864920071401
RO024C,2,2050,90%,cold,-53.5165986440569,522.382694545668,468.866095901611
RO024C,2,2050,90%,heat,4.35590373413981,4.65379525520742,9.00969898934723
RO024C,2,2050,90%,tot,-49.1606949099171,527.036489800876,477.875794890958
RO024C,3,2050,0%,cold,-63.5338366397123,517.507836897978,453.974000258266
RO024C,3,2050,0%,heat,53.5639737169769,42.2330690927894,95.7970428097663
RO024C,3,2050,0%,tot,-9.96986292273542,559.740905990768,549.771043068032
RO024C,3,2050,10%,cold,-63.5338366397123,517.507836897978,453.974000258266
RO024C,3,2050,10%,heat,49.1677634262848,38.4446039805365,87.6123674068212
RO024C,3,2050,10%,tot,-14.3660732134276,555.952440878515,541.586367665087
RO024C,3,2050,50%,cold,-63.5338366397123,517.507836897978,453.974000258266
RO024C,3,2050,50%,heat,29.7623417473998,22.413944059399,52.1762858067987
RO024C,3,2050,50%,tot,-33.7714948923125,539.921780957377,506.150286065064
RO024C,3,2050,90%,cold,-63.5338366397123,517.507836897978,453.974000258266
RO024C,3,2050,90%,heat,6.58281783314778,4.7299039274771,11.3127217606249
RO024C,3,2050,90%,tot,-56.9510188065646,522.237740825455,465.286722018891
RO025C,1,2050,0%,cold,-60.7718732536302,577.795337402062,517.023464148431
RO025C,1,2050,0%,heat,55.3254175562948,48.5739743882969,103.899391944592
RO025C,1,2050,0%,tot,-5.44645569733544,626.369311790358,620.922856093023
RO025C,1,2050,10%,cold,-60.7718732536302,577.795337402062,517.023464148431
RO025C,1,2050,10%,heat,51.2381988032506,44.4792666882359,95.7174654914866
RO025C,1,2050,10%,tot,-9.53367445037957,622.274604090297,612.740929639918
RO025C,1,2050,50%,cold,-60.7718732536302,577.795337402062,517.023464148431
RO025C,1,2050,50%,heat,32.4018634246357,26.6655229440151,59.0673863686507
RO025C,1,2050,50%,tot,-28.3700098289946,604.460860346077,576.090850517082
RO025C,1,2050,90%,cold,-60.7718732536302,577.795337402062,517.023464148431
RO025C,1,2050,90%,heat,7.66191351199427,5.84794129969028,13.5098548116845
RO025C,1,2050,90%,tot,-53.109959741636,583.643278701752,530.533318960116
RO025C,2,2050,0%,cold,-71.1244183442255,577.433277683824,506.308859339598
RO025C,2,2050,0%,heat,56.7484732512299,48.8104384132682,105.558911664498
RO025C,2,2050,0%,tot,-14.3759450929956,626.243716097092,611.867771004096
RO025C,2,2050,10%,cold,-71.1244183442255,577.433277683824,506.308859339598
RO025C,2,2050,10%,heat,52.4143960557612,44.6646205412749,97.0790165970361
RO025C,2,2050,10%,tot,-18.7100222884643,622.097898225099,603.387875936635
RO025C,2,2050,50%,cold,-71.1244183442255,577.433277683824,506.308859339598
RO025C,2,2050,50%,heat,32.68910589825,26.6820149397475,59.3711208379976
RO025C,2,2050,50%,tot,-38.4353124459755,604.115292623571,565.679980177596
RO025C,2,2050,90%,cold,-71.1244183442255,577.433277683824,506.308859339598
RO025C,2,2050,90%,heat,7.55023354113927,5.81825907145038,13.3684926125897
RO025C,2,2050,90%,tot,-63.5741848030862,583.251536755274,519.677351952188
RO025C,3,2050,0%,cold,-86.2854827455133,583.004599792422,496.719117046909
RO025C,3,2050,0%,heat,84.1563554250363,49.6297786016502,133.786134026686
RO025C,3,2050,0%,tot,-2.12912732047702,632.634378394072,630.505251073595
RO025C,3,2050,10%,cold,-86.2854827455133,583.004599792422,496.719117046909
RO025C,3,2050,10%,heat,77.8902745136313,45.3983912101769,123.288665723808
RO025C,3,2050,10%,tot,-8.39520823188201,628.402991002599,620.007782770717
RO025C,3,2050,50%,cold,-86.2854827455133,583.004599792422,496.719117046909
RO025C,3,2050,50%,heat,49.085771258628,27.0836044357002,76.1693756943283
RO025C,3,2050,50%,tot,-37.1997114868852,610.088204228123,572.888492741237
RO025C,3,2050,90%,cold,-86.2854827455133,583.004599792422,496.719117046909
RO025C,3,2050,90%,heat,11.5324620791811,5.89994463639934,17.4324067155804
RO025C,3,2050,90%,tot,-74.7530206663322,588.904544428822,514.151523762489
RO026C,1,2050,0%,cold,-34.9705418029456,366.701930607943,331.731388804997
RO026C,1,2050,0%,heat,28.2572215568283,23.3828693124733,51.6400908693016
RO026C,1,2050,0%,tot,-6.71332024611732,390.084799920416,383.371479674299
RO026C,1,2050,10%,cold,-34.9705418029456,366.701930607943,331.731388804997
RO026C,1,2050,10%,heat,25.951535287662,21.2982810654593,47.2498163531213
RO026C,1,2050,10%,tot,-9.01900651528361,388.000211673402,378.981205158119
RO026C,1,2050,50%,cold,-34.9705418029456,366.701930607943,331.731388804997
RO026C,1,2050,50%,heat,15.7558666891892,12.457092925923,28.2129596151123
RO026C,1,2050,50%,tot,-19.2146751137564,379.159023533866,359.94434842011
RO026C,1,2050,90%,cold,-34.9705418029456,366.701930607943,331.731388804997
RO026C,1,2050,90%,heat,3.50322611400095,2.64260820061464,6.1458343146156
RO026C,1,2050,90%,tot,-31.4673156889447,369.344538808558,337.877223119613
RO026C,2,2050,0%,cold,-42.3425557141583,358.694210869103,316.351655154945
RO026C,2,2050,0%,heat,27.5427969189921,22.4949784069438,50.0377753259359
RO026C,2,2050,0%,tot,-14.7997587951662,381.189189276047,366.38943048088
RO026C,2,2050,10%,cold,-42.3425557141583,358.694210869103,316.351655154945
RO026C,2,2050,10%,heat,25.2215294929487,20.4804452259585,45.7019747189072
RO026C,2,2050,10%,tot,-17.1210262212095,379.174656095061,362.053629873852
RO026C,2,2050,50%,cold,-42.3425557141583,358.694210869103,316.351655154945
RO026C,2,2050,50%,heat,15.1019904584896,11.9543652781806,27.0563557366701
RO026C,2,2050,50%,tot,-27.2405652556687,370.648576147283,343.408010891615
RO026C,2,2050,90%,cold,-42.3425557141583,358.694210869103,316.351655154945
RO026C,2,2050,90%,heat,3.29406865557811,2.52917228705173,5.82324094262984
RO026C,2,2050,90%,tot,-39.0484870585801,361.223383156155,322.174896097574
RO026C,3,2050,0%,cold,-48.4865219585539,352.269035726036,303.782513767482
RO026C,3,2050,0%,heat,37.6664832253137,22.2844980945657,59.9509813198793
RO026C,3,2050,0%,tot,-10.8200387332403,374.553533820601,363.733495087361
RO026C,3,2050,10%,cold,-48.4865219585539,352.269035726036,303.782513767482
RO026C,3,2050,10%,heat,34.5587768090709,20.2890598210182,54.8478366300891
RO026C,3,2050,10%,tot,-13.927745149483,372.558095547054,358.630350397571
RO026C,3,2050,50%,cold,-48.4865219585539,352.269035726036,303.782513767482
RO026C,3,2050,50%,heat,20.8965006332495,11.8429023336952,32.7394029669447
RO026C,3,2050,50%,tot,-27.5900213253044,364.111938059731,336.521916734426
RO026C,3,2050,90%,cold,-48.4865219585539,352.269035726036,303.782513767482
RO026C,3,2050,90%,heat,4.62736286408517,2.50485020097289,7.13221306505806
RO026C,3,2050,90%,tot,-43.8591590944687,354.773885927008,310.91472683254
RO027C,1,2050,0%,cold,-43.585531875008,466.914720167823,423.329188292815
RO027C,1,2050,0%,heat,53.6584442736305,53.6719460224922,107.330390296123
RO027C,1,2050,0%,tot,10.0729123986225,520.586666190315,530.659578588938
RO027C,1,2050,10%,cold,-43.585531875008,466.914720167823,423.329188292815
RO027C,1,2050,10%,heat,49.7427928227729,49.1635040724169,98.9062968951898
RO027C,1,2050,10%,tot,6.15726094776494,516.07822424024,522.235485188005
RO027C,1,2050,50%,cold,-43.585531875008,466.914720167823,423.329188292815
RO027C,1,2050,50%,heat,31.5832403210783,29.5149647509967,61.098205072075
RO027C,1,2050,50%,tot,-12.0022915539297,496.42968491882,484.42739336489
RO027C,1,2050,90%,cold,-43.585531875008,466.914720167823,423.329188292815
RO027C,1,2050,90%,heat,7.49169205957361,6.48328378880546,13.9749758483791
RO027C,1,2050,90%,tot,-36.0938398154344,473.398003956628,437.304164141194
RO027C,2,2050,0%,cold,-53.0640322123459,458.963208402078,405.899176189732
RO027C,2,2050,0%,heat,58.1616354188718,53.5404639491424,111.702099368014
RO027C,2,2050,0%,tot,5.09760320652592,512.503672351221,517.601275557746
RO027C,2,2050,10%,cold,-53.0640322123459,458.963208402078,405.899176189732
RO027C,2,2050,10%,heat,53.8023088891697,49.035680828327,102.837989717497
RO027C,2,2050,10%,tot,0.738276676823743,507.998889230405,508.737165907229
RO027C,2,2050,50%,cold,-53.0640322123459,458.963208402078,405.899176189732
RO027C,2,2050,50%,heat,33.7933608181923,29.4118952409719,63.2052560591642
RO027C,2,2050,50%,tot,-19.2706713941536,488.37510364305,469.104432248896
RO027C,2,2050,90%,cold,-53.0640322123459,458.963208402078,405.899176189732
RO027C,2,2050,90%,heat,7.87997142723786,6.4478108863795,14.3277823136174
RO027C,2,2050,90%,tot,-45.1840607851081,465.411019288458,420.22695850335
RO027C,3,2050,0%,cold,-60.3921334097587,453.147414884583,392.755281474824
RO027C,3,2050,0%,heat,74.6279383961484,53.5675993379962,128.195537734145
RO027C,3,2050,0%,tot,14.2358049863897,506.715014222578,520.950819208968
RO027C,3,2050,10%,cold,-60.3921334097587,453.147414884583,392.755281474824
RO027C,3,2050,10%,heat,69.142240946161,49.0553158190086,118.19755676517
RO027C,3,2050,10%,tot,8.75010753640232,502.202730703591,510.952838239994
RO027C,3,2050,50%,cold,-60.3921334097587,453.147414884583,392.755281474824
RO027C,3,2050,50%,heat,43.801265003013,29.4122319720502,73.2134969750632
RO027C,3,2050,50%,tot,-16.5908684067456,482.559646856633,465.968778449887
RO027C,3,2050,90%,cold,-60.3921334097587,453.147414884583,392.755281474824
RO027C,3,2050,90%,heat,10.3767864618449,6.44485833209149,16.8216447939364
RO027C,3,2050,90%,tot,-50.0153469479138,459.592273216674,409.57692626876
RO028C,1,2050,0%,cold,-27.8386229941961,292.347317762012,264.508694767816
RO028C,1,2050,0%,heat,35.1186609322302,33.0111975436016,68.1298584758318
RO028C,1,2050,0%,tot,7.28003793803411,325.358515305613,332.638553243647
RO028C,1,2050,10%,cold,-27.8386229941961,292.347317762012,264.508694767816
RO028C,1,2050,10%,heat,32.4873238299342,30.1790760479259,62.6663998778601
RO028C,1,2050,10%,tot,4.64870083573815,322.526393809937,327.175094645676
RO028C,1,2050,50%,cold,-27.8386229941961,292.347317762012,264.508694767816
RO028C,1,2050,50%,heat,20.4063340800792,17.9466391165121,38.3529731965912
RO028C,1,2050,50%,tot,-7.43228891411691,310.293956878524,302.861667964407
RO028C,1,2050,90%,cold,-27.8386229941961,292.347317762012,264.508694767816
RO028C,1,2050,90%,heat,4.75660284122473,3.88677993000811,8.64338277123284
RO028C,1,2050,90%,tot,-23.0820201529713,296.23409769202,273.152077539048
RO028C,2,2050,0%,cold,-34.7512805773773,288.789297128585,254.038016551208
RO028C,2,2050,0%,heat,38.1466455133833,33.1255881481914,71.2722336615747
RO028C,2,2050,0%,tot,3.39536493600603,321.914885276777,325.310250212782
RO028C,2,2050,10%,cold,-34.7512805773773,288.789297128585,254.038016551208
RO028C,2,2050,10%,heat,35.2010682938777,30.2844987016269,65.4855669955046
RO028C,2,2050,10%,tot,0.449787716500452,319.073795830212,319.523583546713
RO028C,2,2050,50%,cold,-34.7512805773773,288.789297128585,254.038016551208
RO028C,2,2050,50%,heat,21.8402298630585,18.0127207808779,39.8529506439364
RO028C,2,2050,50%,tot,-12.9110507143188,306.802017909463,293.890967195144
RO028C,2,2050,90%,cold,-34.7512805773773,288.789297128585,254.038016551208
RO028C,2,2050,90%,heat,4.99378373883025,3.90276329439141,8.89654703322166
RO028C,2,2050,90%,tot,-29.757496838547,292.692060422977,262.93456358443
RO028C,3,2050,0%,cold,-40.0312880426609,286.553163222199,246.521875179538
RO028C,3,2050,0%,heat,49.7009250562625,33.46521293843,83.1661379946925
RO028C,3,2050,0%,tot,9.66963701360164,320.018376160629,329.688013174231
RO028C,3,2050,10%,cold,-40.0312880426609,286.553163222199,246.521875179538
RO028C,3,2050,10%,heat,45.9423967347521,30.5903790784737,76.5327758132258
RO028C,3,2050,10%,tot,5.91110869209124,317.143542300673,323.054650992764
RO028C,3,2050,50%,cold,-40.0312880426609,286.553163222199,246.521875179538
RO028C,3,2050,50%,heat,28.7764932122459,18.1813612906825,46.9578545029284
RO028C,3,2050,50%,tot,-11.254794830415,304.734524512881,293.479729682466
RO028C,3,2050,90%,cold,-40.0312880426609,286.553163222199,246.521875179538
RO028C,3,2050,90%,heat,6.69630302696669,3.93470111866671,10.6310041456334
RO028C,3,2050,90%,tot,-33.3349850156942,290.487864340866,257.152879325171
RO029C,1,2050,0%,cold,-14.4751379746134,169.411704111111,154.936566136497
RO029C,1,2050,0%,heat,20.6767138301888,24.7652905311895,45.4420043613783
RO029C,1,2050,0%,tot,6.20157585557548,194.1769946423,200.378570497876
RO029C,1,2050,10%,cold,-14.4751379746134,169.411704111111,154.936566136497
RO029C,1,2050,10%,heat,19.127384546983,22.6451556244038,41.7725401713868
RO029C,1,2050,10%,tot,4.65224657236966,192.056859735515,196.709106307884
RO029C,1,2050,50%,cold,-14.4751379746134,169.411704111111,154.936566136497
RO029C,1,2050,50%,heat,12.0240538182654,13.4835020840523,25.5075559023177
RO029C,1,2050,50%,tot,-2.45108415634798,182.895206195163,180.444122038815
RO029C,1,2050,90%,cold,-14.4751379746134,169.411704111111,154.936566136497
RO029C,1,2050,90%,heat,2.81454471969847,2.92882983034301,5.74337455004147
RO029C,1,2050,90%,tot,-11.6605932549149,172.340533941454,160.679940686539
RO029C,2,2050,0%,cold,-18.8474126544549,170.373981043595,151.52656838914
RO029C,2,2050,0%,heat,22.2266787902851,25.3461931755001,47.5728719657852
RO029C,2,2050,0%,tot,3.37926613583013,195.720174219095,199.099440354925
RO029C,2,2050,10%,cold,-18.8474126544549,170.373981043595,151.52656838914
RO029C,2,2050,10%,heat,20.4952868043199,23.1669564003934,43.6622432047132
RO029C,2,2050,10%,tot,1.64787414986497,193.540937443988,195.188811593853
RO029C,2,2050,50%,cold,-18.8474126544549,170.373981043595,151.52656838914
RO029C,2,2050,50%,heat,12.6812064301183,13.7641803211524,26.4453867512707
RO029C,2,2050,50%,tot,-6.16620622433665,184.138161364747,177.97195514041
RO029C,2,2050,90%,cold,-18.8474126544549,170.373981043595,151.52656838914
RO029C,2,2050,90%,heat,2.89420573004291,2.97754324093194,5.87174897097484
RO029C,2,2050,90%,tot,-15.953206924412,173.351524284527,157.398317360114
RO029C,3,2050,0%,cold,-22.6495800275387,172.728662263012,150.079082235474
RO029C,3,2050,0%,heat,32.6952874593866,26.4907759215637,59.1860633809502
RO029C,3,2050,0%,tot,10.0457074318479,199.219438184576,209.265145616424
RO029C,3,2050,10%,cold,-22.6495800275387,172.728662263012,150.079082235474
RO029C,3,2050,10%,heat,30.2331844698333,24.2206609531062,54.4538454229394
RO029C,3,2050,10%,tot,7.58360444229455,196.949323216119,204.532927658413
RO029C,3,2050,50%,cold,-22.6495800275387,172.728662263012,150.079082235474
RO029C,3,2050,50%,heat,18.9842466240533,14.4154496738374,33.3996962978907
RO029C,3,2050,50%,tot,-3.66533340348545,187.14411193685,183.478778533364
RO029C,3,2050,90%,cold,-22.6495800275387,172.728662263012,150.079082235474
RO029C,3,2050,90%,heat,4.45000449189191,3.12928162658808,7.57928611847998
RO029C,3,2050,90%,tot,-18.1995755356468,175.857943889601,157.658368353954
RO030C,1,2050,0%,cold,-29.3067284388319,329.320247214788,300.013518775956
RO030C,1,2050,0%,heat,29.365199114855,34.5275047632806,63.8927038781355
RO030C,1,2050,0%,tot,0.058470676023009,363.847751978068,363.906222654091
RO030C,1,2050,10%,cold,-29.3067284388319,329.320247214788,300.013518775956
RO030C,1,2050,10%,heat,27.0933014596686,31.5523970137819,58.6456984734505
RO030C,1,2050,10%,tot,-2.21342697916334,360.872644228569,358.659217249406
RO030C,1,2050,50%,cold,-29.3067284388319,329.320247214788,300.013518775956
RO030C,1,2050,50%,heat,16.8005086980873,18.7256983360164,35.5262070341037
RO030C,1,2050,50%,tot,-12.5062197407446,348.045945550804,335.539725810059
RO030C,1,2050,90%,cold,-29.3067284388319,329.320247214788,300.013518775956
RO030C,1,2050,90%,heat,3.84081173766765,4.04398391240412,7.88479565007177
RO030C,1,2050,90%,tot,-25.4659167011643,333.364231127192,307.898314426027
RO030C,2,2050,0%,cold,-35.0464864780669,320.959786878178,285.913300400111
RO030C,2,2050,0%,heat,31.7684772379181,33.941479894537,65.7099571324552
RO030C,2,2050,0%,tot,-3.27800924014869,354.901266772715,351.623257532566
RO030C,2,2050,10%,cold,-35.0464864780669,320.959786878178,285.913300400111
RO030C,2,2050,10%,heat,29.2536775443973,31.004407201391,60.2580847457882
RO030C,2,2050,10%,tot,-5.79280893366959,351.964194079569,346.171385145899
RO030C,2,2050,50%,cold,-35.0464864780669,320.959786878178,285.913300400111
RO030C,2,2050,50%,heat,17.9662858889241,18.3647692171267,36.3310551060508
RO030C,2,2050,50%,tot,-17.0802005891427,339.324556095305,322.244355506162
RO030C,2,2050,90%,cold,-35.0464864780669,320.959786878178,285.913300400111
RO030C,2,2050,90%,heat,4.04869490154291,3.95508796117361,8.00378286271653
RO030C,2,2050,90%,tot,-30.9977915765239,324.914874839352,293.917083262828
RO030C,3,2050,0%,cold,-39.7988290189967,313.588668668465,273.789839649468
RO030C,3,2050,0%,heat,41.3892021321631,33.5570412575037,74.9462433896668
RO030C,3,2050,0%,tot,1.59037311316642,347.145709925968,348.736083039135
RO030C,3,2050,10%,cold,-39.7988290189967,313.588668668465,273.789839649468
RO030C,3,2050,10%,heat,38.1611168190614,30.6494373475853,68.8105541666466
RO030C,3,2050,10%,tot,-1.63771219993534,344.23810601605,342.600393816115
RO030C,3,2050,50%,cold,-39.7988290189967,313.588668668465,273.789839649468
RO030C,3,2050,50%,heat,23.5884529803213,18.1460152924247,41.734468272746
RO030C,3,2050,50%,tot,-16.2103760386754,331.734683960889,315.524307922214
RO030C,3,2050,90%,cold,-39.7988290189967,313.588668668465,273.789839649468
RO030C,3,2050,90%,heat,5.37149353581372,3.90612195488055,9.27761549069427
RO030C,3,2050,90%,tot,-34.427335483183,317.494790623345,283.067455140162
RO031C,1,2050,0%,cold,-12.7230610201331,157.429882603378,144.706821583245
RO031C,1,2050,0%,heat,13.0301022349584,19.1681396425996,32.198241877558
RO031C,1,2050,0%,tot,0.307041214825301,176.598022245978,176.905063460803
RO031C,1,2050,10%,cold,-12.7230610201331,157.429882603378,144.706821583245
RO031C,1,2050,10%,heat,11.9749547004539,17.4775670827219,29.4525217831758
RO031C,1,2050,10%,tot,-0.748106319679173,174.9074496861,174.159343366421
RO031C,1,2050,50%,cold,-12.7230610201331,157.429882603378,144.706821583245
RO031C,1,2050,50%,heat,7.28522324800691,10.2642972278741,17.549520475881
RO031C,1,2050,50%,tot,-5.43783777212615,167.694179831252,162.256342059126
RO031C,1,2050,90%,cold,-12.7230610201331,157.429882603378,144.706821583245
RO031C,1,2050,90%,heat,1.62009229122395,2.18514259223092,3.80523488345487
RO031C,1,2050,90%,tot,-11.1029687289091,159.615025195609,148.5120564667
RO031C,2,2050,0%,cold,-16.7176788799947,161.131705027908,144.414026147913
RO031C,2,2050,0%,heat,14.7125637168926,19.9104211953262,34.6229849122188
RO031C,2,2050,0%,tot,-2.00511516310206,181.042126223234,179.037011060132
RO031C,2,2050,10%,cold,-16.7176788799947,161.131705027908,144.414026147913
RO031C,2,2050,10%,heat,13.4903234402168,18.1475578399691,31.6378812801859
RO031C,2,2050,10%,tot,-3.22735543977792,179.279262867877,176.051907428099
RO031C,2,2050,50%,cold,-16.7176788799947,161.131705027908,144.414026147913
RO031C,2,2050,50%,heat,8.11987597108682,10.6381137325498,18.7579897036366
RO031C,2,2050,50%,tot,-8.59780290890788,171.769818760458,163.17201585155
RO031C,2,2050,90%,cold,-16.7176788799947,161.131705027908,144.414026147913
RO031C,2,2050,90%,heat,1.77947813412221,2.25854528477404,4.03802341889625
RO031C,2,2050,90%,tot,-14.9382007458725,163.390250312682,148.452049566809
RO031C,3,2050,0%,cold,-20.4236217920872,167.080351683142,146.656729891055
RO031C,3,2050,0%,heat,20.6638136347711,21.1305155336946,41.7943291684657
RO031C,3,2050,0%,tot,0.240191842683818,188.210867216836,188.45105905952
RO031C,3,2050,10%,cold,-20.4236217920872,167.080351683142,146.656729891055
RO031C,3,2050,10%,heat,18.9781247959042,19.2594673572813,38.2375921531854
RO031C,3,2050,10%,tot,-1.44549699618306,186.339819040423,184.89432204424
RO031C,3,2050,50%,cold,-20.4236217920872,167.080351683142,146.656729891055
RO031C,3,2050,50%,heat,11.5123688089363,11.2906260090342,22.8029948179705
RO031C,3,2050,50%,tot,-8.91125298315098,178.370977692176,169.459724709025
RO031C,3,2050,90%,cold,-20.4236217920872,167.080351683142,146.656729891055
RO031C,3,2050,90%,heat,2.55084416912749,2.3980581394497,4.94890230857719
RO031C,3,2050,90%,tot,-17.8727776229598,169.478409822592,151.605632199632
RO032C,1,2050,0%,cold,-21.9210294034436,268.682613540892,246.761584137448
RO032C,1,2050,0%,heat,22.4938400336121,27.95482474454,50.4486647781521
RO032C,1,2050,0%,tot,0.572810630168413,296.637438285432,297.2102489156
RO032C,1,2050,10%,cold,-21.9210294034436,268.682613540892,246.761584137448
RO032C,1,2050,10%,heat,20.7158937636063,25.5031228682451,46.2190166318514
RO032C,1,2050,10%,tot,-1.20513563983734,294.185736409137,292.980600769299
RO032C,1,2050,50%,cold,-21.9210294034436,268.682613540892,246.761584137448
RO032C,1,2050,50%,heat,12.7359081338596,15.0162143746734,27.7521225085329
RO032C,1,2050,50%,tot,-9.18512126958408,283.698827915565,274.513706645981
RO032C,1,2050,90%,cold,-21.9210294034436,268.682613540892,246.761584137448
RO032C,1,2050,90%,heat,2.87721839550611,3.20800720828667,6.08522560379278
RO032C,1,2050,90%,tot,-19.0438110079375,271.890620749178,252.846809741241
RO032C,2,2050,0%,cold,-26.0883503082885,261.696970350458,235.608620042169
RO032C,2,2050,0%,heat,22.8724255257203,27.3976020001358,50.2700275258561
RO032C,2,2050,0%,tot,-3.21592478256819,289.094572350593,285.878647568025
RO032C,2,2050,10%,cold,-26.0883503082885,261.696970350458,235.608620042169
RO032C,2,2050,10%,heat,21.0171457890862,24.985617782131,46.0027635712171
RO032C,2,2050,10%,tot,-5.07120451920227,286.682588132589,281.611383613387
RO032C,2,2050,50%,cold,-26.0883503082885,261.696970350458,235.608620042169
RO032C,2,2050,50%,heat,12.7805419149816,14.6851942829087,27.4657361978903
RO032C,2,2050,50%,tot,-13.3078083933069,276.382164633366,263.07435624006
RO032C,2,2050,90%,cold,-26.0883503082885,261.696970350458,235.608620042169
RO032C,2,2050,90%,heat,2.84209467882662,3.12904307152602,5.97113775035264
RO032C,2,2050,90%,tot,-23.2462556294618,264.826013421984,241.579757792522
RO032C,3,2050,0%,cold,-30.3742294083442,255.631039620061,225.256810211717
RO032C,3,2050,0%,heat,31.9247515403619,27.3339011379299,59.2586526782918
RO032C,3,2050,0%,tot,1.55052213201767,282.964940757991,284.515462890009
RO032C,3,2050,10%,cold,-30.3742294083442,255.631039620061,225.256810211717
RO032C,3,2050,10%,heat,29.396646893452,24.9300811584384,54.3267280518904
RO032C,3,2050,10%,tot,-0.977582514892208,280.5611207785,279.583538263607
RO032C,3,2050,50%,cold,-30.3742294083442,255.631039620061,225.256810211717
RO032C,3,2050,50%,heat,18.0650052551305,14.660644794948,32.7256500500785
RO032C,3,2050,50%,tot,-12.3092241532137,270.291684415009,257.982460261796
RO032C,3,2050,90%,cold,-30.3742294083442,255.631039620061,225.256810211717
RO032C,3,2050,90%,heat,4.08415700485442,3.12659044815636,7.21074745301078
RO032C,3,2050,90%,tot,-26.2900724034898,258.757630068218,232.467557664728
RO033C,1,2050,0%,cold,-14.4435543817391,158.903257117882,144.459702736143
RO033C,1,2050,0%,heat,18.5877340122263,18.7751179652697,37.362851977496
RO033C,1,2050,0%,tot,4.1441796304872,177.678375083151,181.822554713639
RO033C,1,2050,10%,cold,-14.4435543817391,158.903257117882,144.459702736143
RO033C,1,2050,10%,heat,17.1565836735541,17.1430985092491,34.2996821828032
RO033C,1,2050,10%,tot,2.71302929181504,176.046355627131,178.759384918946
RO033C,1,2050,50%,cold,-14.4435543817391,158.903257117882,144.459702736143
RO033C,1,2050,50%,heat,10.6590508245109,10.1343755600492,20.7934263845601
RO033C,1,2050,50%,tot,-3.78450355722814,169.037632677931,165.253129120703
RO033C,1,2050,90%,cold,-14.4435543817391,158.903257117882,144.459702736143
RO033C,1,2050,90%,heat,2.4440185490712,2.17663866663365,4.62065721570486
RO033C,1,2050,90%,tot,-11.9995358326678,161.079895784515,149.080359951848
RO033C,2,2050,0%,cold,-17.8346150694897,155.580104311303,137.745489241814
RO033C,2,2050,0%,heat,19.5641309551125,18.6242185703481,38.1883495254606
RO033C,2,2050,0%,tot,1.72951588562282,174.204322881652,175.933838767274
RO033C,2,2050,10%,cold,-17.8346150694897,155.580104311303,137.745489241814
RO033C,2,2050,10%,heat,18.0074274424284,17.0037597254732,35.0111871679016
RO033C,2,2050,10%,tot,0.172812372938723,172.583864036777,172.756676409715
RO033C,2,2050,50%,cold,-17.8346150694897,155.580104311303,137.745489241814
RO033C,2,2050,50%,heat,11.0369208451905,10.0485577217403,21.0854785669307
RO033C,2,2050,50%,tot,-6.79769422429918,165.628662033044,158.830967808744
RO033C,2,2050,90%,cold,-17.8346150694897,155.580104311303,137.745489241814
RO033C,2,2050,90%,heat,2.4803789971842,2.15778917219696,4.63816816938116
RO033C,2,2050,90%,tot,-15.3542360723055,157.7378934835,142.383657411195
RO033C,3,2050,0%,cold,-20.494886481147,152.722511924796,132.227625443649
RO033C,3,2050,0%,heat,25.6406482315942,18.6806203848696,44.3212686164638
RO033C,3,2050,0%,tot,5.14576175044721,171.403132309666,176.548894060113
RO033C,3,2050,10%,cold,-20.494886481147,152.722511924796,132.227625443649
RO033C,3,2050,10%,heat,23.6442464463005,17.0531571711111,40.6974036174116
RO033C,3,2050,10%,tot,3.14935996515349,169.775669095907,172.925029061061
RO033C,3,2050,50%,cold,-20.494886481147,152.722511924796,132.227625443649
RO033C,3,2050,50%,heat,14.6324056590878,10.0715992642956,24.7040049233834
RO033C,3,2050,50%,tot,-5.86248082205915,162.794111189092,156.931630367032
RO033C,3,2050,90%,cold,-20.494886481147,152.722511924796,132.227625443649
RO033C,3,2050,90%,heat,3.34127957261467,2.16063028783485,5.50190986044951
RO033C,3,2050,90%,tot,-17.1536069085323,154.883142212631,137.729535304098
RO034C,1,2050,0%,cold,-17.3455168721547,204.863904634637,187.518387762483
RO034C,1,2050,0%,heat,17.5195888036851,20.5891339899174,38.1087227936025
RO034C,1,2050,0%,tot,0.174071931530393,225.453038624555,225.627110556085
RO034C,1,2050,10%,cold,-17.3455168721547,204.863904634637,187.518387762483
RO034C,1,2050,10%,heat,16.1234428590435,18.7708040353845,34.894246894428
RO034C,1,2050,10%,tot,-1.22207401311119,223.634708670022,222.412634656911
RO034C,1,2050,50%,cold,-17.3455168721547,204.863904634637,187.518387762483
RO034C,1,2050,50%,heat,9.88042179024037,11.0187296413285,20.8991514315689
RO034C,1,2050,50%,tot,-7.46509508191431,215.882634275966,208.417539194052
RO034C,1,2050,90%,cold,-17.3455168721547,204.863904634637,187.518387762483
RO034C,1,2050,90%,heat,2.2225202563779,2.34503091684855,4.56755117322644
RO034C,1,2050,90%,tot,-15.1229966157768,207.208935551486,192.085938935709
RO034C,2,2050,0%,cold,-20.6929665773556,199.531437677104,178.838471099749
RO034C,2,2050,0%,heat,17.8676622594098,20.1578631931178,38.0255254525276
RO034C,2,2050,0%,tot,-2.82530431794582,219.689300870222,216.863996552276
RO034C,2,2050,10%,cold,-20.6929665773556,199.531437677104,178.838471099749
RO034C,2,2050,10%,heat,16.4038613969406,18.3713482870075,34.7752096839481
RO034C,2,2050,10%,tot,-4.28910518041503,217.902785964112,213.613680783697
RO034C,2,2050,50%,cold,-20.6929665773556,199.531437677104,178.838471099749
RO034C,2,2050,50%,heat,9.93473332219845,10.7664139443197,20.7011472665181
RO034C,2,2050,50%,tot,-10.7582332551572,210.297851621424,199.539618366267
RO034C,2,2050,90%,cold,-20.6929665773556,199.531437677104,178.838471099749
RO034C,2,2050,90%,heat,2.19725289724231,2.28582159662186,4.48307449386417
RO034C,2,2050,90%,tot,-18.4957136801133,201.817259273726,183.321545593613
RO034C,3,2050,0%,cold,-23.9849740797197,194.706343294117,170.721369214397
RO034C,3,2050,0%,heat,25.1455229961151,20.1421594197771,45.2876824158922
RO034C,3,2050,0%,tot,1.16054891639536,214.848502713894,216.009051630289
RO034C,3,2050,10%,cold,-23.9849740797197,194.706343294117,170.721369214397
RO034C,3,2050,10%,heat,23.138291715841,18.3598343549123,41.4981260707533
RO034C,3,2050,10%,tot,-0.846682363878728,213.066177649029,212.219495285151
RO034C,3,2050,50%,cold,-23.9849740797197,194.706343294117,170.721369214397
RO034C,3,2050,50%,heat,14.1759569365954,10.7683336685681,24.9442906051635
RO034C,3,2050,50%,tot,-9.8090171431243,205.474676962685,195.665659819561
RO034C,3,2050,90%,cold,-23.9849740797197,194.706343294117,170.721369214397
RO034C,3,2050,90%,heat,3.19368590736234,2.28915801440356,5.4828439217659
RO034C,3,2050,90%,tot,-20.7912881723574,196.995501308521,176.204213136163
RO035C,1,2050,0%,cold,-20.4125916816997,228.277186516338,207.864594834638
RO035C,1,2050,0%,heat,22.7359320655563,28.1311187184897,50.867050784046
RO035C,1,2050,0%,tot,2.32334038385654,256.408305234828,258.731645618684
RO035C,1,2050,10%,cold,-20.4125916816997,228.277186516338,207.864594834638
RO035C,1,2050,10%,heat,20.9790475306574,25.6965174546206,46.6755649852781
RO035C,1,2050,10%,tot,0.566455848957703,253.973703970959,254.540159819917
RO035C,1,2050,50%,cold,-20.4125916816997,228.277186516338,207.864594834638
RO035C,1,2050,50%,heat,13.0092660425137,15.2156732906108,28.2249393331244
RO035C,1,2050,50%,tot,-7.40332563918608,243.492859806949,236.089534167763
RO035C,1,2050,90%,cold,-20.4125916816997,228.277186516338,207.864594834638
RO035C,1,2050,90%,heat,2.97033956740159,3.27298070317933,6.24332027058092
RO035C,1,2050,90%,tot,-17.4422521142982,231.550167219518,214.10791510522
RO035C,2,2050,0%,cold,-25.4716742539083,226.384953757673,200.913279503764
RO035C,2,2050,0%,heat,24.4740870003406,28.3108612882255,52.7849482885661
RO035C,2,2050,0%,tot,-0.99758725356772,254.695815045898,253.69822779233
RO035C,2,2050,10%,cold,-25.4716742539083,226.384953757673,200.913279503764
RO035C,2,2050,10%,heat,22.51661178141,25.8587646468139,48.3753764282239
RO035C,2,2050,10%,tot,-2.95506247249827,252.243718404486,249.288655931988
RO035C,2,2050,50%,cold,-25.4716742539083,226.384953757673,200.913279503764
RO035C,2,2050,50%,heat,13.7704695449333,15.3049364365099,29.0754059814432
RO035C,2,2050,50%,tot,-11.701204708975,241.689890194182,229.988685485207
RO035C,2,2050,90%,cold,-25.4716742539083,226.384953757673,200.913279503764
RO035C,2,2050,90%,heat,3.08456552635067,3.28924626765621,6.37381179400688
RO035C,2,2050,90%,tot,-22.3871087275576,229.674200025329,207.287091297771
RO035C,3,2050,0%,cold,-29.8231415151495,225.597053743733,195.773912228584
RO035C,3,2050,0%,heat,32.7332542136421,28.7852872769995,61.5185414906416
RO035C,3,2050,0%,tot,2.91011269849257,254.382341020733,257.292453719225
RO035C,3,2050,10%,cold,-29.8231415151495,225.597053743733,195.773912228584
RO035C,3,2050,10%,heat,30.1533814007309,26.282939664354,56.4363210650849
RO035C,3,2050,10%,tot,0.330239885581352,251.879993408087,252.210233293669
RO035C,3,2050,50%,cold,-29.8231415151495,225.597053743733,195.773912228584
RO035C,3,2050,50%,heat,18.5511960241791,15.5308821763623,34.0820782005413
RO035C,3,2050,50%,tot,-11.2719454909705,241.127935920095,229.855990429125
RO035C,3,2050,90%,cold,-29.8231415151495,225.597053743733,195.773912228584
RO035C,3,2050,90%,heat,4.18972905393897,3.33069479638813,7.5204238503271
RO035C,3,2050,90%,tot,-25.6334124612106,228.927748540121,203.294336078911
